core_id	canonical_symbol	human_ensembl_id	out_degree	betweenness	mean_outgoing_ba	supporting_edge_count
83332	CATG00000083332.1	CATG00000083332.1	540	0.0	131.685551	995
70702	CATG00000070702.1	CATG00000070702.1	346	0.0	151.878163	760
87322	CATG00000087322.1	CATG00000087322.1	326	0.0	161.73277	706
500255197	ENSG00000255197.1	ENSG00000255197.1	302	0.0	149.645409	769
93273	CATG00000093273.1	CATG00000093273.1	300	0.0	156.306688	520
944	CATG00000000944.1	CATG00000000944.1	288	0.0	163.27322	401
500253230	ENSG00000253230.2	ENSG00000253230.2	241	0.0	108.637917	405
88206	CATG00000088206.1	CATG00000088206.1	237	0.0	116.15104	284
90176	CATG00000090176.1	CATG00000090176.1	236	0.0	139.984756	465
93058	CATG00000093058.1	CATG00000093058.1	233	0.0	123.579486	392
40550	CATG00000040550.1	CATG00000040550.1	224	0.0	142.433656	303
500224078	ENSG00000224078.8	ENSG00000224078.8	223	0.0	107.958734	297
86800	CATG00000086800.1	CATG00000086800.1	221	0.0	141.452996	322
43553	CATG00000043553.1	CATG00000043553.1	212	0.0	168.754692	401
83347	CATG00000083347.1	CATG00000083347.1	197	0.0	113.1716	318
35185	CATG00000035185.1	CATG00000035185.1	193	0.0	125.655233	201
500260593	ENSG00000260593.1	ENSG00000260593.1	182	0.0	112.638845	279
500157152	ENSG00000157152.12	ENSG00000157152.12	178	0.0	126.367933	220
25410	CATG00000025410.1	CATG00000025410.1	177	0.0	160.007999	282
500261617	ENSG00000261617.1	ENSG00000261617.1	169	0.0	150.558289	214
116278	CATG00000116278.1	CATG00000116278.1	159	0.0	108.216085	197
2237	CATG00000002237.1	CATG00000002237.1	158	0.0	140.47414	209
45707	CATG00000045707.1	CATG00000045707.1	158	0.0	115.113525	251
45621	CATG00000045621.1	CATG00000045621.1	156	0.0	117.417724	172
500214870	ENSG00000214870.4	ENSG00000214870.4	155	0.0	114.086907	237
7993	CATG00000007993.1	CATG00000007993.1	148	0.0	111.918431	263
500242797	ENSG00000242797.2	ENSG00000242797.2	148	0.0	108.965846	238
3300	CATG00000003300.1	CATG00000003300.1	146	0.0	107.008723	349
72010	CATG00000072010.1	CATG00000072010.1	142	0.0	117.047195	189
116207	CATG00000116207.1	CATG00000116207.1	142	0.0	110.883005	196
500236404	ENSG00000236404.4	ENSG00000236404.4	136	0.0	124.559767	152
72898	CATG00000072898.1	CATG00000072898.1	132	0.0	124.669003	171
41149	CATG00000041149.1	CATG00000041149.1	131	0.0	132.26855	151
500248441	ENSG00000248441.2	ENSG00000248441.2	131	0.0	127.559202	175
83598	CATG00000083598.1	CATG00000083598.1	129	0.0	134.776612	185
91112	CATG00000091112.1	CATG00000091112.1	129	0.0	127.11022	200
78238	CATG00000078238.1	CATG00000078238.1	129	0.0	120.007328	205
15927	CATG00000015927.1	CATG00000015927.1	126	0.0	121.708935	217
77557	CATG00000077557.1	CATG00000077557.1	125	0.0	103.807627	135
89605	CATG00000089605.1	CATG00000089605.1	123	0.0	130.655827	147
88030	CATG00000088030.1	CATG00000088030.1	120	0.0	115.648514	149
82073	CATG00000082073.1	CATG00000082073.1	118	0.0	117.312776	156
101272	CATG00000101272.1	CATG00000101272.1	117	0.0	123.893006	162
500179818	ENSG00000179818.9	ENSG00000179818.9	114	0.0	113.6903	125
23019	CATG00000023019.1	CATG00000023019.1	113	0.0	113.215214	146
500265148	ENSG00000265148.1	ENSG00000265148.1	112	0.0	129.89215	154
5551	CATG00000005551.1	CATG00000005551.1	112	0.0	113.223438	146
8939	CATG00000008939.1	CATG00000008939.1	108	0.0	118.7276	126
87410	CATG00000087410.1	CATG00000087410.1	107	0.0	107.83567	123
29361	CATG00000029361.1	CATG00000029361.1	104	0.0	110.558702	109
500204044	ENSG00000204044.5	ENSG00000204044.5	103	0.0	115.634482	121
500247556	ENSG00000247556.2	ENSG00000247556.2	101	0.0	116.277409	117
500236790	ENSG00000236790.1	ENSG00000236790.1	95	0.0	128.859634	222
500230314	ENSG00000230314.2	ENSG00000230314.2	95	0.0	122.07486	129
25276	CATG00000025276.1	CATG00000025276.1	95	0.0	111.797158	125
12605	CATG00000012605.1	CATG00000012605.1	94	0.0	114.224424	211
105265	CATG00000105265.1	CATG00000105265.1	94	0.0	103.758834	145
83162	CATG00000083162.1	CATG00000083162.1	93	0.0	105.392509	115
35322	CATG00000035322.1	CATG00000035322.1	92	0.0	115.648261	106
56036	CATG00000056036.1	CATG00000056036.1	91	0.0	124.407985	171
500265179	ENSG00000265179.2	ENSG00000265179.2	91	0.0	116.216264	112
500231327	ENSG00000231327.1	ENSG00000231327.1	91	0.0	106.94489	97
98900	CATG00000098900.1	CATG00000098900.1	89	0.0	147.239167	144
500231121	ENSG00000231121.2	ENSG00000231121.2	89	0.0	125.848895	132
500105663	ENSG00000105663.10	ENSG00000105663.10	87	0.0	138.793266	118
500231607	ENSG00000231607.4	ENSG00000231607.4	86	0.0	114.834225	101
60742	CATG00000060742.1	CATG00000060742.1	86	0.0	114.747926	123
22775	CATG00000022775.1	CATG00000022775.1	85	0.0	135.631706	99
5391	CATG00000005391.1	CATG00000005391.1	85	0.0	131.963039	98
23077	CATG00000023077.1	CATG00000023077.1	85	0.0	124.168471	99
66030	CATG00000066030.1	CATG00000066030.1	83	0.0	117.126486	94
93280	CATG00000093280.1	CATG00000093280.1	82	0.0	131.422256	96
500227165	ENSG00000227165.3	ENSG00000227165.3	81	0.0	112.044753	88
60862	CATG00000060862.1	CATG00000060862.1	77	0.0	120.603377	87
500254377	ENSG00000254377.1	ENSG00000254377.1	76	0.0	110.803947	95
79979	CATG00000079979.1	CATG00000079979.1	74	0.0	110.995068	78
25251	CATG00000025251.1	CATG00000025251.1	72	0.0	113.422199	84
66341	CATG00000066341.1	CATG00000066341.1	71	0.0	112.394789	78
118316	CATG00000118316.1	CATG00000118316.1	70	0.0	116.629274	81
500229191	ENSG00000229191.1	ENSG00000229191.1	70	0.0	111.59519	88
500259439	ENSG00000259439.1	ENSG00000259439.1	70	0.0	110.97784	92
43953	CATG00000043953.1	CATG00000043953.1	68	0.0	151.809632	78
115498	CATG00000115498.1	CATG00000115498.1	67	0.0	143.44895	142
500237686	ENSG00000237686.2	ENSG00000237686.2	67	0.0	115.790734	91
500231863	ENSG00000231863.1	ENSG00000231863.1	66	0.0	112.576843	78
500233061	ENSG00000233061.1	ENSG00000233061.1	66	0.0	112.345682	76
58233	CATG00000058233.1	CATG00000058233.1	65	0.0	111.477385	70
22353	CATG00000022353.1	CATG00000022353.1	63	0.0	119.700635	79
26936	CATG00000026936.1	CATG00000026936.1	63	0.0	106.230479	75
83580	CATG00000083580.1	CATG00000083580.1	61	0.0	127.843115	64
39607	CATG00000039607.1	CATG00000039607.1	61	0.0	122.498934	67
93267	CATG00000093267.1	CATG00000093267.1	61	0.0	120.344085	91
4001	CATG00000004001.1	CATG00000004001.1	60	0.0	124.524653	78
19056	CATG00000019056.1	CATG00000019056.1	60	0.0	121.434667	60
500264515	ENSG00000264515.1	ENSG00000264515.1	60	0.0	115.603194	65
14027	CATG00000014027.1	CATG00000014027.1	59	0.0	145.380706	68
500235545	ENSG00000235545.1	ENSG00000235545.1	59	0.0	105.434661	62
500238164	ENSG00000238164.2	ENSG00000238164.2	58	0.0	109.620172	63
31299	CATG00000031299.1	CATG00000031299.1	58	0.0	108.85444	68
500273492	ENSG00000273492.1	ENSG00000273492.1	58	0.0	105.499339	65
58672	CATG00000058672.1	CATG00000058672.1	56	0.0	107.411518	62
105780	CATG00000105780.1	CATG00000105780.1	55	0.0	108.232073	72
500144596	ENSG00000144596.7	ENSG00000144596.7	55	0.0	108.127682	102
73532	CATG00000073532.1	CATG00000073532.1	54	0.0	126.332006	58
53477	CATG00000053477.1	CATG00000053477.1	53	0.0	131.320928	73
106346	CATG00000106346.1	CATG00000106346.1	53	0.0	126.526226	77
50359	CATG00000050359.1	CATG00000050359.1	53	0.0	113.52405	79
500253477	ENSG00000253477.1	ENSG00000253477.1	53	0.0	111.380943	58
58904	CATG00000058904.1	CATG00000058904.1	52	0.0	133.539231	53
16162	CATG00000016162.1	CATG00000016162.1	51	0.0	125.515392	67
500237647	ENSG00000237647.4	ENSG00000237647.4	51	0.0	107.586569	55
52211	CATG00000052211.1	CATG00000052211.1	50	0.0	141.9614	59
104592	CATG00000104592.1	CATG00000104592.1	50	0.0	117.5484	65
90190	CATG00000090190.1	CATG00000090190.1	48	0.0	139.597396	59
5468	CATG00000005468.1	CATG00000005468.1	48	0.0	128.967292	52
500228393	ENSG00000228393.3	ENSG00000228393.3	48	0.0	123.833229	52
100676	CATG00000100676.1	CATG00000100676.1	48	0.0	120.927604	54
86150	CATG00000086150.1	CATG00000086150.1	48	0.0	114.511458	51
500250056	ENSG00000250056.1	ENSG00000250056.1	46	0.0	115.932174	52
80231	CATG00000080231.1	CATG00000080231.1	45	0.0	121.511	51
83577	CATG00000083577.1	CATG00000083577.1	45	0.0	105.557222	46
500203809	ENSG00000203809.5	ENSG00000203809.5	45	0.0	102.435222	48
86133	CATG00000086133.1	CATG00000086133.1	44	0.0	153.976629	52
42135	CATG00000042135.1	CATG00000042135.1	44	0.0	140.866856	62
67389	CATG00000067389.1	CATG00000067389.1	44	0.0	111.318864	52
500240207	ENSG00000240207.2	ENSG00000240207.2	43	0.0	123.798023	50
9893	CATG00000009893.1	CATG00000009893.1	43	0.0	117.790116	47
25051	CATG00000025051.1	CATG00000025051.1	43	0.0	106.249496	50
500271945	ENSG00000271945.1	ENSG00000271945.1	43	0.0	103.408721	50
117227	CATG00000117227.1	CATG00000117227.1	42	0.0	124.610556	51
48536	CATG00000048536.1	CATG00000048536.1	42	0.0	120.565952	52
500231890	ENSG00000231890.3	ENSG00000231890.3	42	0.0	114.907143	42
500245526	ENSG00000245526.4	ENSG00000245526.4	42	0.0	111.688452	48
500272078	ENSG00000272078.1	ENSG00000272078.1	41	0.0	126.183415	52
27439	CATG00000027439.1	CATG00000027439.1	41	0.0	114.291463	46
72343	CATG00000072343.1	CATG00000072343.1	41	0.0	107.269146	46
5774	CATG00000005774.1	CATG00000005774.1	40	0.0	105.8615	42
57992	CATG00000057992.1	CATG00000057992.1	39	0.0	169.55547	47
88085	CATG00000088085.1	CATG00000088085.1	39	0.0	136.472137	47
85917	CATG00000085917.1	CATG00000085917.1	39	0.0	126.92688	42
101708	CATG00000101708.1	CATG00000101708.1	39	0.0	116.315598	65
500205488	ENSG00000205488.4	ENSG00000205488.4	38	0.0	123.384298	45
28058	CATG00000028058.1	CATG00000028058.1	38	0.0	122.638754	90
75637	CATG00000075637.1	CATG00000075637.1	38	0.0	115.211053	38
88098	CATG00000088098.1	CATG00000088098.1	38	0.0	114.489211	43
500253553	ENSG00000253553.1	ENSG00000253553.1	38	0.0	112.777105	39
90250	CATG00000090250.1	CATG00000090250.1	38	0.0	110.868684	47
15453	CATG00000015453.1	CATG00000015453.1	38	0.0	108.509605	49
500254777	ENSG00000254777.1	ENSG00000254777.1	38	0.0	103.631053	48
16469	CATG00000016469.1	CATG00000016469.1	37	0.0	172.426351	41
25559	CATG00000025559.1	CATG00000025559.1	37	0.0	149.433919	43
16522	CATG00000016522.1	CATG00000016522.1	37	0.0	146.42	39
88618	CATG00000088618.1	CATG00000088618.1	37	0.0	123.685	44
500261606	ENSG00000261606.1	ENSG00000261606.1	37	0.0	119.506982	49
87900	CATG00000087900.1	CATG00000087900.1	37	0.0	111.122432	39
109909	CATG00000109909.1	CATG00000109909.1	36	0.0	138.472778	38
102491	CATG00000102491.1	CATG00000102491.1	36	0.0	131.115926	45
500224661	ENSG00000224661.1	ENSG00000224661.1	36	0.0	119.486528	38
109054	CATG00000109054.1	CATG00000109054.1	36	0.0	107.10625	38
49133	CATG00000049133.1	CATG00000049133.1	35	0.0	121.627762	42
44539	CATG00000044539.1	CATG00000044539.1	35	0.0	118.844857	38
43315	CATG00000043315.1	CATG00000043315.1	35	0.0	118.257167	46
6484	CATG00000006484.1	CATG00000006484.1	35	0.0	114.887429	37
14051	CATG00000014051.1	CATG00000014051.1	35	0.0	112.229857	37
83349	CATG00000083349.1	CATG00000083349.1	35	0.0	107.643429	37
6466	CATG00000006466.1	CATG00000006466.1	35	0.0	103.430571	38
58505	CATG00000058505.1	CATG00000058505.1	34	0.0	170.8375	40
94945	CATG00000094945.1	CATG00000094945.1	34	0.0	121.060735	37
500272933	ENSG00000272933.1	ENSG00000272933.1	34	0.0	120.718922	48
19461	CATG00000019461.1	CATG00000019461.1	34	0.0	109.722843	38
5899	CATG00000005899.1	CATG00000005899.1	33	0.0	127.16697	35
110402	CATG00000110402.1	CATG00000110402.1	33	0.0	117.532677	43
89825	CATG00000089825.1	CATG00000089825.1	33	0.0	116.210909	40
81953	CATG00000081953.1	CATG00000081953.1	33	0.0	108.652424	41
109735	CATG00000109735.1	CATG00000109735.1	33	0.0	106.793586	38
71168	CATG00000071168.1	CATG00000071168.1	32	0.0	152.532656	50
500263327	ENSG00000263327.2	ENSG00000263327.2	32	0.0	152.466094	38
71146	CATG00000071146.1	CATG00000071146.1	32	0.0	121.05849	38
33586	CATG00000033586.1	CATG00000033586.1	32	0.0	120.9975	32
95055	CATG00000095055.1	CATG00000095055.1	32	0.0	114.752604	37
9163	CATG00000009163.1	CATG00000009163.1	32	0.0	113.1425	36
500270820	ENSG00000270820.1	ENSG00000270820.1	32	0.0	104.434687	37
10504	CATG00000010504.1	CATG00000010504.1	31	0.0	136.097896	66
500226994	ENSG00000226994.3	ENSG00000226994.3	31	0.0	115.628871	35
7390	CATG00000007390.1	CATG00000007390.1	31	0.0	114.346022	37
108287	CATG00000108287.1	CATG00000108287.1	31	0.0	112.645484	33
57756	CATG00000057756.1	CATG00000057756.1	30	0.0	113.855889	33
500247828	ENSG00000247828.3	ENSG00000247828.3	30	0.0	112.834	32
500242808	ENSG00000242808.3	ENSG00000242808.3	30	0.0	110.4995	32
500226711	ENSG00000226711.2	ENSG00000226711.2	30	0.0	108.951167	37
500263244	ENSG00000263244.1	ENSG00000263244.1	30	0.0	107.448833	31
117930	CATG00000117930.1	CATG00000117930.1	29	0.0	151.648851	39
70055	CATG00000070055.1	CATG00000070055.1	29	0.0	120.241925	41
6600	CATG00000006600.1	CATG00000006600.1	29	0.0	114.603621	30
16513	CATG00000016513.1	CATG00000016513.1	29	0.0	109.758966	33
88343	CATG00000088343.1	CATG00000088343.1	29	0.0	109.398966	31
27119	CATG00000027119.1	CATG00000027119.1	29	0.0	109.25569	30
33444	CATG00000033444.1	CATG00000033444.1	29	0.0	105.415517	29
500228956	ENSG00000228956.4	ENSG00000228956.4	28	0.0	146.495893	30
11720	CATG00000011720.1	CATG00000011720.1	28	0.0	122.018571	31
500236107	ENSG00000236107.3	ENSG00000236107.3	28	0.0	114.501786	31
51784	CATG00000051784.1	CATG00000051784.1	27	0.0	124.895062	36
16466	CATG00000016466.1	CATG00000016466.1	27	0.0	124.519259	27
500264589	ENSG00000264589.1	ENSG00000264589.1	27	0.0	121.276296	28
8353	CATG00000008353.1	CATG00000008353.1	27	0.0	113.741481	30
10259	CATG00000010259.1	CATG00000010259.1	27	0.0	109.114815	27
50525	CATG00000050525.1	CATG00000050525.1	27	0.0	108.481111	30
49779	CATG00000049779.1	CATG00000049779.1	26	0.0	128.538269	30
56050	CATG00000056050.1	CATG00000056050.1	26	0.0	117.062788	47
84292	CATG00000084292.1	CATG00000084292.1	26	0.0	113.467308	26
500260257	ENSG00000260257.1	ENSG00000260257.1	26	0.0	112.559423	28
500259905	ENSG00000259905.1	ENSG00000259905.1	26	0.0	111.921538	26
500250802	ENSG00000250802.2	ENSG00000250802.2	26	0.0	108.291538	27
85848	CATG00000085848.1	CATG00000085848.1	26	0.0	105.513077	28
500235831	ENSG00000235831.2	ENSG00000235831.2	26	0.0	103.944423	30
91387	CATG00000091387.1	CATG00000091387.1	25	0.0	127.401	29
103117	CATG00000103117.1	CATG00000103117.1	25	0.0	123.9798	32
105977	CATG00000105977.1	CATG00000105977.1	25	0.0	113.9804	26
500244968	ENSG00000244968.2	ENSG00000244968.2	25	0.0	106.4186	28
99849	CATG00000099849.1	CATG00000099849.1	24	0.0	124.647778	33
16516	CATG00000016516.1	CATG00000016516.1	24	0.0	117.706667	27
75926	CATG00000075926.1	CATG00000075926.1	24	0.0	114.042917	25
7117	CATG00000007117.1	CATG00000007117.1	24	0.0	107.979167	25
19107	CATG00000019107.1	CATG00000019107.1	24	0.0	105.293125	25
30863	CATG00000030863.1	CATG00000030863.1	23	0.0	127.868696	23
97560	CATG00000097560.1	CATG00000097560.1	23	0.0	120.563478	34
500227906	ENSG00000227906.3	ENSG00000227906.3	23	0.0	118.639783	26
500263276	ENSG00000263276.1	ENSG00000263276.1	23	0.0	113.916739	24
8226	CATG00000008226.1	CATG00000008226.1	23	0.0	111.666667	30
21813	CATG00000021813.1	CATG00000021813.1	23	0.0	110.85087	24
97901	CATG00000097901.1	CATG00000097901.1	23	0.0	108.889565	25
109197	CATG00000109197.1	CATG00000109197.1	22	0.0	192.184545	22
97771	CATG00000097771.1	CATG00000097771.1	22	0.0	138.319091	23
98840	CATG00000098840.1	CATG00000098840.1	22	0.0	128.159773	23
500273125	ENSG00000273125.1	ENSG00000273125.1	22	0.0	126.499318	23
23623	CATG00000023623.1	CATG00000023623.1	22	0.0	116.000455	27
500247157	ENSG00000247157.2	ENSG00000247157.2	22	0.0	115.840682	23
94163	CATG00000094163.1	CATG00000094163.1	22	0.0	114.879318	28
83164	CATG00000083164.1	CATG00000083164.1	22	0.0	114.363636	22
500246820	ENSG00000246820.2	ENSG00000246820.2	22	0.0	113.681591	25
97733	CATG00000097733.1	CATG00000097733.1	22	0.0	113.317727	22
99405	CATG00000099405.1	CATG00000099405.1	22	0.0	111.864318	23
56762	CATG00000056762.1	CATG00000056762.1	22	0.0	109.818182	22
13480	CATG00000013480.1	CATG00000013480.1	22	0.0	107.910455	23
73068	CATG00000073068.1	CATG00000073068.1	21	0.0	117.928571	27
20786	CATG00000020786.1	CATG00000020786.1	21	0.0	117.367937	27
67180	CATG00000067180.1	CATG00000067180.1	21	0.0	117.19381	23
62788	CATG00000062788.1	CATG00000062788.1	21	0.0	114.405	22
500215386	ENSG00000215386.6	ENSG00000215386.6	21	0.0	112.429048	22
500228624	ENSG00000228624.3	ENSG00000228624.3	21	0.0	110.556508	23
92613	CATG00000092613.1	CATG00000092613.1	21	0.0	108.450952	22
6482	CATG00000006482.1	CATG00000006482.1	20	0.0	128.3275	21
84842	CATG00000084842.1	CATG00000084842.1	20	0.0	123.99875	21
39087	CATG00000039087.1	CATG00000039087.1	20	0.0	123.808392	38
75893	CATG00000075893.1	CATG00000075893.1	20	0.0	121.101	21
24916	CATG00000024916.1	CATG00000024916.1	20	0.0	120.5465	21
17658	CATG00000017658.1	CATG00000017658.1	20	0.0	112.8995	20
102654	CATG00000102654.1	CATG00000102654.1	20	0.0	111.57725	21
43868	CATG00000043868.1	CATG00000043868.1	20	0.0	110.0985	20
500261186	ENSG00000261186.1	ENSG00000261186.1	20	0.0	105.60225	22
47962	CATG00000047962.1	CATG00000047962.1	20	0.0	104.285167	24
500270457	ENSG00000270457.1	ENSG00000270457.1	19	0.0	147.396316	20
47024	CATG00000047024.1	CATG00000047024.1	19	0.0	126.972105	22
500254414	ENSG00000254414.1	ENSG00000254414.1	19	0.0	122.682105	19
76106	CATG00000076106.1	CATG00000076106.1	19	0.0	119.238684	20
80233	CATG00000080233.1	CATG00000080233.1	19	0.0	118.370263	22
83579	CATG00000083579.1	CATG00000083579.1	19	0.0	115.369737	20
4937	CATG00000004937.1	CATG00000004937.1	19	0.0	114.002632	19
66599	CATG00000066599.1	CATG00000066599.1	19	0.0	113.475	20
66191	CATG00000066191.1	CATG00000066191.1	19	0.0	109.896316	19
500225783	ENSG00000225783.2	ENSG00000225783.2	19	0.0	109.157895	19
4175	CATG00000004175.1	CATG00000004175.1	19	0.0	109.002895	23
105927	CATG00000105927.1	CATG00000105927.1	19	0.0	105.817632	20
116615	CATG00000116615.1	CATG00000116615.1	18	0.0	120.612593	27
500257913	ENSG00000257913.1	ENSG00000257913.1	18	0.0	114.496667	18
500225914	ENSG00000225914.1	ENSG00000225914.1	18	0.0	111.699444	20
44709	CATG00000044709.1	CATG00000044709.1	18	0.0	111.028056	19
98346	CATG00000098346.1	CATG00000098346.1	18	0.0	108.807778	19
116280	CATG00000116280.1	CATG00000116280.1	18	0.0	108.334444	18
500272449	ENSG00000272449.1	ENSG00000272449.1	18	0.0	107.360833	19
56029	CATG00000056029.1	CATG00000056029.1	18	0.0	107.081389	21
500234290	ENSG00000234290.2	ENSG00000234290.2	18	0.0	105.889167	20
83462	CATG00000083462.1	CATG00000083462.1	18	0.0	104.278333	18
109156	CATG00000109156.1	CATG00000109156.1	17	0.0	166.250706	26
80429	CATG00000080429.1	CATG00000080429.1	17	0.0	130.120294	18
500235919	ENSG00000235919.3	ENSG00000235919.3	17	0.0	128.879412	17
1034	CATG00000001034.1	CATG00000001034.1	17	0.0	123.524706	17
58300	CATG00000058300.1	CATG00000058300.1	17	0.0	120.236177	27
103728	CATG00000103728.1	CATG00000103728.1	17	0.0	118.057647	17
84711	CATG00000084711.1	CATG00000084711.1	17	0.0	117.853235	18
104690	CATG00000104690.1	CATG00000104690.1	17	0.0	114.500882	18
80797	CATG00000080797.1	CATG00000080797.1	17	0.0	113.032353	20
87430	CATG00000087430.1	CATG00000087430.1	17	0.0	112.061765	17
13305	CATG00000013305.1	CATG00000013305.1	17	0.0	105.619118	20
2332	CATG00000002332.1	CATG00000002332.1	17	0.0	103.210294	18
19710	CATG00000019710.1	CATG00000019710.1	16	0.0	149.963229	19
38727	CATG00000038727.1	CATG00000038727.1	16	0.0	134.796875	19
500262420	ENSG00000262420.2	ENSG00000262420.2	16	0.0	130.06375	16
56421	CATG00000056421.1	CATG00000056421.1	16	0.0	126.668958	18
26477	CATG00000026477.1	CATG00000026477.1	16	0.0	122.689167	20
500272168	ENSG00000272168.1	ENSG00000272168.1	16	0.0	119.878125	16
500271860	ENSG00000271860.1	ENSG00000271860.1	16	0.0	119.811875	20
96728	CATG00000096728.1	CATG00000096728.1	16	0.0	118.2775	17
83669	CATG00000083669.1	CATG00000083669.1	16	0.0	118.125	16
3034	CATG00000003034.1	CATG00000003034.1	16	0.0	115.93625	16
60907	CATG00000060907.1	CATG00000060907.1	16	0.0	112.781875	18
45466	CATG00000045466.1	CATG00000045466.1	16	0.0	111.49875	16
25376	CATG00000025376.1	CATG00000025376.1	16	0.0	111.250625	16
17625	CATG00000017625.1	CATG00000017625.1	16	0.0	109.625625	16
52264	CATG00000052264.1	CATG00000052264.1	16	0.0	108.811875	17
52054	CATG00000052054.1	CATG00000052054.1	16	0.0	107.625	17
29081	CATG00000029081.1	CATG00000029081.1	16	0.0	106.94	16
500231865	ENSG00000231865.1	ENSG00000231865.1	16	0.0	105.50125	17
83445	CATG00000083445.1	CATG00000083445.1	16	0.0	104.127188	17
106714	CATG00000106714.1	CATG00000106714.1	15	0.0	193.433	17
32626	CATG00000032626.1	CATG00000032626.1	15	0.0	173.868667	15
57783	CATG00000057783.1	CATG00000057783.1	15	0.0	129.337333	15
10165	CATG00000010165.1	CATG00000010165.1	15	0.0	127.768	18
19188	CATG00000019188.1	CATG00000019188.1	15	0.0	118.732603	32
64299	CATG00000064299.1	CATG00000064299.1	15	0.0	116.067333	16
500261799	ENSG00000261799.1	ENSG00000261799.1	15	0.0	113.666667	15
500271555	ENSG00000271555.1	ENSG00000271555.1	15	0.0	112.799333	15
63194	CATG00000063194.1	CATG00000063194.1	15	0.0	111.837667	16
500204623	ENSG00000204623.4	ENSG00000204623.4	15	0.0	110.332667	15
108574	CATG00000108574.1	CATG00000108574.1	15	0.0	109.736	17
96738	CATG00000096738.1	CATG00000096738.1	15	0.0	106.465333	15
104381	CATG00000104381.1	CATG00000104381.1	14	0.0	143.654524	18
68938	CATG00000068938.1	CATG00000068938.1	14	0.0	135.217857	14
102810	CATG00000102810.1	CATG00000102810.1	14	0.0	120.536071	15
57187	CATG00000057187.1	CATG00000057187.1	14	0.0	119.285	14
59932	CATG00000059932.1	CATG00000059932.1	14	0.0	116.715	14
58903	CATG00000058903.1	CATG00000058903.1	14	0.0	115.644286	14
89225	CATG00000089225.1	CATG00000089225.1	14	0.0	115.321071	18
40513	CATG00000040513.1	CATG00000040513.1	14	0.0	114.643571	14
500224318	ENSG00000224318.1	ENSG00000224318.1	14	0.0	114.216429	14
118331	CATG00000118331.1	CATG00000118331.1	14	0.0	112.786429	14
96951	CATG00000096951.1	CATG00000096951.1	14	0.0	112.147857	14
500267345	ENSG00000267345.1	ENSG00000267345.1	14	0.0	111.785357	15
116439	CATG00000116439.1	CATG00000116439.1	14	0.0	110.492214	19
500244513	ENSG00000244513.2	ENSG00000244513.2	14	0.0	110.435	14
116275	CATG00000116275.1	CATG00000116275.1	14	0.0	110.138214	15
500236467	ENSG00000236467.3	ENSG00000236467.3	14	0.0	109.789286	15
82943	CATG00000082943.1	CATG00000082943.1	14	0.0	109.502143	14
75373	CATG00000075373.1	CATG00000075373.1	14	0.0	108.19119	21
82306	CATG00000082306.1	CATG00000082306.1	14	0.0	106.074286	14
66493	CATG00000066493.1	CATG00000066493.1	14	0.0	104.536071	15
500243319	ENSG00000243319.3	ENSG00000243319.3	14	0.0	102.502143	14
183	CATG00000000183.1	CATG00000000183.1	13	0.0	168.885	15
21187	CATG00000021187.1	CATG00000021187.1	13	0.0	142.385769	15
72770	CATG00000072770.1	CATG00000072770.1	13	0.0	128.747436	17
19375	CATG00000019375.1	CATG00000019375.1	13	0.0	124.843846	13
500249085	ENSG00000249085.1	ENSG00000249085.1	13	0.0	116.040385	15
101933	CATG00000101933.1	CATG00000101933.1	13	0.0	109.503846	16
31189	CATG00000031189.1	CATG00000031189.1	13	0.0	108.696923	13
46418	CATG00000046418.1	CATG00000046418.1	13	0.0	108.387692	13
500251279	ENSG00000251279.1	ENSG00000251279.1	13	0.0	106.579615	14
9732	CATG00000009732.1	CATG00000009732.1	13	0.0	101.848077	14
500260651	ENSG00000260651.1	ENSG00000260651.1	12	0.0	133.955	13
116100	CATG00000116100.1	CATG00000116100.1	12	0.0	120.959167	14
79793	CATG00000079793.1	CATG00000079793.1	12	0.0	119.749167	12
57194	CATG00000057194.1	CATG00000057194.1	12	0.0	115.92	12
34724	CATG00000034724.1	CATG00000034724.1	12	0.0	115.585	12
500256824	ENSG00000256824.1	ENSG00000256824.1	12	0.0	112.715833	13
83553	CATG00000083553.1	CATG00000083553.1	12	0.0	112.669167	12
500233723	ENSG00000233723.3	ENSG00000233723.3	12	0.0	112.249583	13
500272501	ENSG00000272501.1	ENSG00000272501.1	12	0.0	112.0875	12
500256637	ENSG00000256637.2	ENSG00000256637.2	12	0.0	111.692222	14
17961	CATG00000017961.1	CATG00000017961.1	12	0.0	111.499167	13
500241388	ENSG00000241388.3	ENSG00000241388.3	12	0.0	111.105833	17
500145063	ENSG00000145063.10	ENSG00000145063.10	12	0.0	110.5875	12
100669	CATG00000100669.1	CATG00000100669.1	12	0.0	109.6675	12
500203709	ENSG00000203709.5	ENSG00000203709.5	12	0.0	105.386667	14
26893	CATG00000026893.1	CATG00000026893.1	12	0.0	105.248333	12
53704	CATG00000053704.1	CATG00000053704.1	12	0.0	104.42	12
500255020	ENSG00000255020.1	ENSG00000255020.1	12	0.0	104.2525	13
52057	CATG00000052057.1	CATG00000052057.1	11	0.0	161.089091	11
111100	CATG00000111100.1	CATG00000111100.1	11	0.0	128.000909	13
83447	CATG00000083447.1	CATG00000083447.1	11	0.0	126.952727	12
118375	CATG00000118375.1	CATG00000118375.1	11	0.0	125.391212	13
42963	CATG00000042963.1	CATG00000042963.1	11	0.0	125.000909	11
30195	CATG00000030195.1	CATG00000030195.1	11	0.0	120.867273	12
83589	CATG00000083589.1	CATG00000083589.1	11	0.0	119.000455	12
25620	CATG00000025620.1	CATG00000025620.1	11	0.0	116.270909	11
2239	CATG00000002239.1	CATG00000002239.1	11	0.0	112.365455	11
31558	CATG00000031558.1	CATG00000031558.1	11	0.0	111.003636	11
64661	CATG00000064661.1	CATG00000064661.1	11	0.0	109.733636	11
116828	CATG00000116828.1	CATG00000116828.1	11	0.0	109.632727	11
500237499	ENSG00000237499.2	ENSG00000237499.2	11	0.0	108.773182	12
500227646	ENSG00000227646.3	ENSG00000227646.3	11	0.0	108.365455	11
88304	CATG00000088304.1	CATG00000088304.1	11	0.0	107.726364	11
27297	CATG00000027297.1	CATG00000027297.1	11	0.0	106.691818	13
500259380	ENSG00000259380.1	ENSG00000259380.1	11	0.0	105.818182	11
17860	CATG00000017860.1	CATG00000017860.1	11	0.0	105.27	11
46162	CATG00000046162.1	CATG00000046162.1	10	0.0	169.682167	18
61378	CATG00000061378.1	CATG00000061378.1	10	0.0	126.5	12
73556	CATG00000073556.1	CATG00000073556.1	10	0.0	118.049	12
100377	CATG00000100377.1	CATG00000100377.1	10	0.0	117.304	10
64488	CATG00000064488.1	CATG00000064488.1	10	0.0	117.1	10
56966	CATG00000056966.1	CATG00000056966.1	10	0.0	115.605	10
27615	CATG00000027615.1	CATG00000027615.1	10	0.0	115.3465	11
92575	CATG00000092575.1	CATG00000092575.1	10	0.0	115.101	10
65324	CATG00000065324.1	CATG00000065324.1	10	0.0	112.55	12
76032	CATG00000076032.1	CATG00000076032.1	10	0.0	111.848	11
500261645	ENSG00000261645.1	ENSG00000261645.1	10	0.0	110.503	10
24823	CATG00000024823.1	CATG00000024823.1	10	0.0	108.4495	11
38520	CATG00000038520.1	CATG00000038520.1	10	0.0	107.802	10
97501	CATG00000097501.1	CATG00000097501.1	10	0.0	107.740917	18
60867	CATG00000060867.1	CATG00000060867.1	10	0.0	107.003	10
5247	CATG00000005247.1	CATG00000005247.1	10	0.0	106.498	10
500263146	ENSG00000263146.2	ENSG00000263146.2	10	0.0	105.9005	11
43927	CATG00000043927.1	CATG00000043927.1	10	0.0	102.8	10
86155	CATG00000086155.1	CATG00000086155.1	9	0.0	138.78	10
91921	CATG00000091921.1	CATG00000091921.1	9	0.0	138.156667	11
500234072	ENSG00000234072.1	ENSG00000234072.1	9	0.0	133.333333	9
500244649	ENSG00000244649.2	ENSG00000244649.2	9	0.0	129.83	11
87827	CATG00000087827.1	CATG00000087827.1	9	0.0	129.684444	12
21439	CATG00000021439.1	CATG00000021439.1	9	0.0	119.113333	9
87401	CATG00000087401.1	CATG00000087401.1	9	0.0	118.337778	9
72024	CATG00000072024.1	CATG00000072024.1	9	0.0	115.833889	10
500235257	ENSG00000235257.4	ENSG00000235257.4	9	0.0	115.832222	11
91993	CATG00000091993.1	CATG00000091993.1	9	0.0	113.776667	10
102516	CATG00000102516.1	CATG00000102516.1	9	0.0	113.167222	11
77862	CATG00000077862.1	CATG00000077862.1	9	0.0	112.942778	10
45932	CATG00000045932.1	CATG00000045932.1	9	0.0	111.524	17
64206	CATG00000064206.1	CATG00000064206.1	9	0.0	111.446111	10
76989	CATG00000076989.1	CATG00000076989.1	9	0.0	111.223889	10
88143	CATG00000088143.1	CATG00000088143.1	9	0.0	108.437778	9
90872	CATG00000090872.1	CATG00000090872.1	9	0.0	107.336667	9
500246541	ENSG00000246541.2	ENSG00000246541.2	9	0.0	106.565556	9
500269473	ENSG00000269473.1	ENSG00000269473.1	9	0.0	105.002778	10
500257703	ENSG00000257703.1	ENSG00000257703.1	9	0.0	104.778889	9
91305	CATG00000091305.1	CATG00000091305.1	9	0.0	103.666667	9
29636	CATG00000029636.1	CATG00000029636.1	9	0.0	103.434444	9
58727	CATG00000058727.1	CATG00000058727.1	9	0.0	103.218889	10
500233926	ENSG00000233926.1	ENSG00000233926.1	9	0.0	102.555556	9
500177133	ENSG00000177133.6	ENSG00000177133.6	8	0.0	143.37375	11
500253661	ENSG00000253661.1	ENSG00000253661.1	8	0.0	138.37625	8
100379	CATG00000100379.1	CATG00000100379.1	8	0.0	129.2475	8
500259887	ENSG00000259887.1	ENSG00000259887.1	8	0.0	129.18125	9
108665	CATG00000108665.1	CATG00000108665.1	8	0.0	122.6875	9
13312	CATG00000013312.1	CATG00000013312.1	8	0.0	117.12	8
25575	CATG00000025575.1	CATG00000025575.1	8	0.0	115.44125	9
79883	CATG00000079883.1	CATG00000079883.1	8	0.0	112.565	9
52234	CATG00000052234.1	CATG00000052234.1	8	0.0	112.005	8
10975	CATG00000010975.1	CATG00000010975.1	8	0.0	110.25125	8
500196096	ENSG00000196096.3	ENSG00000196096.3	8	0.0	109.876667	10
500261451	ENSG00000261451.1	ENSG00000261451.1	8	0.0	109.62375	9
98023	CATG00000098023.1	CATG00000098023.1	8	0.0	108.919583	10
65372	CATG00000065372.1	CATG00000065372.1	8	0.0	108.75	8
500261033	ENSG00000261033.1	ENSG00000261033.1	8	0.0	107.88	8
500229140	ENSG00000229140.4	ENSG00000229140.4	8	0.0	107.87375	8
82898	CATG00000082898.1	CATG00000082898.1	8	0.0	107.626875	10
26925	CATG00000026925.1	CATG00000026925.1	8	0.0	107.50125	8
116021	CATG00000116021.1	CATG00000116021.1	8	0.0	107.5	8
500261839	ENSG00000261839.1	ENSG00000261839.1	8	0.0	106.7525	8
55229	CATG00000055229.1	CATG00000055229.1	8	0.0	106.623125	9
500233642	ENSG00000233642.1	ENSG00000233642.1	8	0.0	105.504375	9
87830	CATG00000087830.1	CATG00000087830.1	8	0.0	105.12125	10
59456	CATG00000059456.1	CATG00000059456.1	8	0.0	104.75875	8
102807	CATG00000102807.1	CATG00000102807.1	8	0.0	103.629375	9
500262222	ENSG00000262222.1	ENSG00000262222.1	7	0.0	125.004286	7
86459	CATG00000086459.1	CATG00000086459.1	7	0.0	123.574286	7
40459	CATG00000040459.1	CATG00000040459.1	7	0.0	121.574286	8
115951	CATG00000115951.1	CATG00000115951.1	7	0.0	118.151429	7
75670	CATG00000075670.1	CATG00000075670.1	7	0.0	117.287143	7
118077	CATG00000118077.1	CATG00000118077.1	7	0.0	113.144286	7
58746	CATG00000058746.1	CATG00000058746.1	7	0.0	113.141429	8
500225205	ENSG00000225205.1	ENSG00000225205.1	7	0.0	112.428571	7
500257842	ENSG00000257842.1	ENSG00000257842.1	7	0.0	111.715714	8
5914	CATG00000005914.1	CATG00000005914.1	7	0.0	111.29	7
58059	CATG00000058059.1	CATG00000058059.1	7	0.0	111.282857	7
500230316	ENSG00000230316.2	ENSG00000230316.2	7	0.0	110.568571	7
500224738	ENSG00000224738.1	ENSG00000224738.1	7	0.0	109.141429	7
500259153	ENSG00000259153.1	ENSG00000259153.1	7	0.0	108.668095	9
2261	CATG00000002261.1	CATG00000002261.1	7	0.0	107.858571	7
500227896	ENSG00000227896.2	ENSG00000227896.2	7	0.0	107.854286	7
3787	CATG00000003787.1	CATG00000003787.1	7	0.0	107.571429	7
77438	CATG00000077438.1	CATG00000077438.1	7	0.0	106.785714	8
46292	CATG00000046292.1	CATG00000046292.1	7	0.0	106.428571	7
500227110	ENSG00000227110.2	ENSG00000227110.2	7	0.0	105.856429	8
83574	CATG00000083574.1	CATG00000083574.1	7	0.0	105.287143	7
500254862	ENSG00000254862.1	ENSG00000254862.1	7	0.0	104.997143	8
500236502	ENSG00000236502.1	ENSG00000236502.1	7	0.0	103.795	8
53458	CATG00000053458.1	CATG00000053458.1	7	0.0	102.002857	7
64303	CATG00000064303.1	CATG00000064303.1	6	0.0	154.011667	6
500228044	ENSG00000228044.2	ENSG00000228044.2	6	0.0	137.663333	7
59988	CATG00000059988.1	CATG00000059988.1	6	0.0	126.745833	7
76960	CATG00000076960.1	CATG00000076960.1	6	0.0	126.161667	7
49433	CATG00000049433.1	CATG00000049433.1	6	0.0	123.946667	10
500248166	ENSG00000248166.1	ENSG00000248166.1	6	0.0	120.666667	6
75280	CATG00000075280.1	CATG00000075280.1	6	0.0	120.498333	7
34752	CATG00000034752.1	CATG00000034752.1	6	0.0	118.503333	6
114046	CATG00000114046.1	CATG00000114046.1	6	0.0	114.754167	7
88072	CATG00000088072.1	CATG00000088072.1	6	0.0	113.33	6
58602	CATG00000058602.1	CATG00000058602.1	6	0.0	112.503333	6
92610	CATG00000092610.1	CATG00000092610.1	6	0.0	112.501667	6
29903	CATG00000029903.1	CATG00000029903.1	6	0.0	111.385	10
500268583	ENSG00000268583.1	ENSG00000268583.1	6	0.0	110.835	6
500177738	ENSG00000177738.3	ENSG00000177738.3	6	0.0	109.75	7
64160	CATG00000064160.1	CATG00000064160.1	6	0.0	109.67	6
500251173	ENSG00000251173.1	ENSG00000251173.1	6	0.0	108.833333	7
53082	CATG00000053082.1	CATG00000053082.1	6	0.0	108.5	6
500234899	ENSG00000234899.5	ENSG00000234899.5	6	0.0	108.331667	6
83282	CATG00000083282.1	CATG00000083282.1	6	0.0	107.831667	6
83353	CATG00000083353.1	CATG00000083353.1	6	0.0	107.67	6
500255136	ENSG00000255136.2	ENSG00000255136.2	6	0.0	107.083333	8
99437	CATG00000099437.1	CATG00000099437.1	6	0.0	106.001667	6
36572	CATG00000036572.1	CATG00000036572.1	6	0.0	105.835	6
6264	CATG00000006264.1	CATG00000006264.1	6	0.0	105.498333	7
500267714	ENSG00000267714.1	ENSG00000267714.1	6	0.0	104.665	6
68251	CATG00000068251.1	CATG00000068251.1	5	0.0	166.196	5
500175164	ENSG00000175164.9	ENSG00000175164.9	5	0.0	161.594	5
500232021	ENSG00000232021.2	ENSG00000232021.2	5	0.0	136.606	5
58583	CATG00000058583.1	CATG00000058583.1	5	0.0	128.206	5
29009	CATG00000029009.1	CATG00000029009.1	5	0.0	126.996	5
80377	CATG00000080377.1	CATG00000080377.1	5	0.0	126.101	6
500215196	ENSG00000215196.4	ENSG00000215196.4	5	0.0	120.0	5
500231074	ENSG00000231074.4	ENSG00000231074.4	5	0.0	119.802	5
25549	CATG00000025549.1	CATG00000025549.1	5	0.0	119.002	5
500225746	ENSG00000225746.4	ENSG00000225746.4	5	0.0	116.499	6
108815	CATG00000108815.1	CATG00000108815.1	5	0.0	115.202	5
79662	CATG00000079662.1	CATG00000079662.1	5	0.0	114.404	5
6223	CATG00000006223.1	CATG00000006223.1	5	0.0	113.796	5
7805	CATG00000007805.1	CATG00000007805.1	5	0.0	113.196	5
63738	CATG00000063738.1	CATG00000063738.1	5	0.0	112.103	6
88070	CATG00000088070.1	CATG00000088070.1	5	0.0	111.6	5
500262454	ENSG00000262454.1	ENSG00000262454.1	5	0.0	111.493	6
104458	CATG00000104458.1	CATG00000104458.1	5	0.0	110.806	5
500246350	ENSG00000246350.1	ENSG00000246350.1	5	0.0	109.802	5
106964	CATG00000106964.1	CATG00000106964.1	5	0.0	109.404	5
500235020	ENSG00000235020.2	ENSG00000235020.2	5	0.0	109.202	5
82365	CATG00000082365.1	CATG00000082365.1	5	0.0	108.8	5
500255507	ENSG00000255507.1	ENSG00000255507.1	5	0.0	108.8	5
68644	CATG00000068644.1	CATG00000068644.1	5	0.0	108.202	5
500258704	ENSG00000258704.1	ENSG00000258704.1	5	0.0	108.002	5
30910	CATG00000030910.1	CATG00000030910.1	5	0.0	108.0	5
88311	CATG00000088311.1	CATG00000088311.1	5	0.0	107.804	5
14466	CATG00000014466.1	CATG00000014466.1	5	0.0	107.4	5
85291	CATG00000085291.1	CATG00000085291.1	5	0.0	107.4	5
77624	CATG00000077624.1	CATG00000077624.1	5	0.0	106.998	5
79597	CATG00000079597.1	CATG00000079597.1	5	0.0	106.996	5
10577	CATG00000010577.1	CATG00000010577.1	5	0.0	106.816	5
75973	CATG00000075973.1	CATG00000075973.1	5	0.0	106.598	5
75119	CATG00000075119.1	CATG00000075119.1	5	0.0	106.597	6
87927	CATG00000087927.1	CATG00000087927.1	5	0.0	106.006	5
49033	CATG00000049033.1	CATG00000049033.1	5	0.0	105.8	5
500228863	ENSG00000228863.4	ENSG00000228863.4	5	0.0	105.799	6
99735	CATG00000099735.1	CATG00000099735.1	5	0.0	105.796	5
117479	CATG00000117479.1	CATG00000117479.1	5	0.0	105.402	5
115361	CATG00000115361.1	CATG00000115361.1	5	0.0	105.0	5
500225206	ENSG00000225206.4	ENSG00000225206.4	5	0.0	104.406	5
90795	CATG00000090795.1	CATG00000090795.1	5	0.0	104.4	5
86148	CATG00000086148.1	CATG00000086148.1	5	0.0	103.806	5
12346	CATG00000012346.1	CATG00000012346.1	5	0.0	103.4	5
117205	CATG00000117205.1	CATG00000117205.1	5	0.0	102.198	5
89491	CATG00000089491.1	CATG00000089491.1	5	0.0	100.8	5
500253944	ENSG00000253944.1	ENSG00000253944.1	4	0.0	161.62875	5
16645	CATG00000016645.1	CATG00000016645.1	4	0.0	147.12125	5
106711	CATG00000106711.1	CATG00000106711.1	4	0.0	144.0025	4
56409	CATG00000056409.1	CATG00000056409.1	4	0.0	127.7475	4
76640	CATG00000076640.1	CATG00000076640.1	4	0.0	125.2525	4
33768	CATG00000033768.1	CATG00000033768.1	4	0.0	124.755	4
500258670	ENSG00000258670.1	ENSG00000258670.1	4	0.0	124.2475	4
46290	CATG00000046290.1	CATG00000046290.1	4	0.0	119.25125	5
87586	CATG00000087586.1	CATG00000087586.1	4	0.0	117.75	4
74265	CATG00000074265.1	CATG00000074265.1	4	0.0	116.0025	4
500231028	ENSG00000231028.4	ENSG00000231028.4	4	0.0	115.7525	4
500233896	ENSG00000233896.1	ENSG00000233896.1	4	0.0	115.5025	4
21307	CATG00000021307.1	CATG00000021307.1	4	0.0	115.38125	5
98061	CATG00000098061.1	CATG00000098061.1	4	0.0	114.75	4
19860	CATG00000019860.1	CATG00000019860.1	4	0.0	114.5	4
500240291	ENSG00000240291.1	ENSG00000240291.1	4	0.0	114.24625	5
500267454	ENSG00000267454.1	ENSG00000267454.1	4	0.0	113.5	4
92614	CATG00000092614.1	CATG00000092614.1	4	0.0	113.2525	4
101661	CATG00000101661.1	CATG00000101661.1	4	0.0	113.2525	4
500266446	ENSG00000266446.1	ENSG00000266446.1	4	0.0	113.2475	4
500260302	ENSG00000260302.1	ENSG00000260302.1	4	0.0	113.0	4
500188660	ENSG00000188660.3	ENSG00000188660.3	4	0.0	111.5	4
500230615	ENSG00000230615.2	ENSG00000230615.2	4	0.0	111.2475	4
67849	CATG00000067849.1	CATG00000067849.1	4	0.0	110.9975	4
21181	CATG00000021181.1	CATG00000021181.1	4	0.0	110.7525	4
500260793	ENSG00000260793.2	ENSG00000260793.2	4	0.0	110.2575	4
7131	CATG00000007131.1	CATG00000007131.1	4	0.0	110.255	4
500237505	ENSG00000237505.2	ENSG00000237505.2	4	0.0	110.2425	4
21324	CATG00000021324.1	CATG00000021324.1	4	0.0	110.0025	4
12359	CATG00000012359.1	CATG00000012359.1	4	0.0	109.505	4
102559	CATG00000102559.1	CATG00000102559.1	4	0.0	109.4975	4
112270	CATG00000112270.1	CATG00000112270.1	4	0.0	109.245	4
68456	CATG00000068456.1	CATG00000068456.1	4	0.0	108.7525	4
500230534	ENSG00000230534.2	ENSG00000230534.2	4	0.0	108.745	4
95021	CATG00000095021.1	CATG00000095021.1	4	0.0	108.2475	4
78477	CATG00000078477.1	CATG00000078477.1	4	0.0	107.755	4
77822	CATG00000077822.1	CATG00000077822.1	4	0.0	107.505	4
33813	CATG00000033813.1	CATG00000033813.1	4	0.0	107.5	4
500230910	ENSG00000230910.2	ENSG00000230910.2	4	0.0	106.765	4
60530	CATG00000060530.1	CATG00000060530.1	4	0.0	106.7525	4
73114	CATG00000073114.1	CATG00000073114.1	4	0.0	106.4975	4
91811	CATG00000091811.1	CATG00000091811.1	4	0.0	106.25	4
7931	CATG00000007931.1	CATG00000007931.1	4	0.0	105.75	4
500273210	ENSG00000273210.1	ENSG00000273210.1	4	0.0	105.5025	4
500230461	ENSG00000230461.4	ENSG00000230461.4	4	0.0	105.2475	4
500246375	ENSG00000246375.2	ENSG00000246375.2	4	0.0	104.8775	5
92287	CATG00000092287.1	CATG00000092287.1	4	0.0	104.7475	4
500251323	ENSG00000251323.2	ENSG00000251323.2	4	0.0	104.005	4
107551	CATG00000107551.1	CATG00000107551.1	4	0.0	104.0025	4
14020	CATG00000014020.1	CATG00000014020.1	4	0.0	103.7475	4
500206187	ENSG00000206187.3	ENSG00000206187.3	4	0.0	103.7475	5
25177	CATG00000025177.1	CATG00000025177.1	4	0.0	103.0075	4
64591	CATG00000064591.1	CATG00000064591.1	4	0.0	101.5075	4
500224660	ENSG00000224660.1	ENSG00000224660.1	4	0.0	101.25	4
500254275	ENSG00000254275.2	ENSG00000254275.2	4	0.0	100.5075	4
500272335	ENSG00000272335.1	ENSG00000272335.1	3	0.0	132.663333	3
106066	CATG00000106066.1	CATG00000106066.1	3	0.0	132.003333	3
49632	CATG00000049632.1	CATG00000049632.1	3	0.0	130.501667	4
500254226	ENSG00000254226.1	ENSG00000254226.1	3	0.0	125.006667	3
15555	CATG00000015555.1	CATG00000015555.1	3	0.0	122.996667	3
46284	CATG00000046284.1	CATG00000046284.1	3	0.0	121.666667	4
500266970	ENSG00000266970.1	ENSG00000266970.1	3	0.0	120.006667	3
500260163	ENSG00000260163.1	ENSG00000260163.1	3	0.0	119.663333	3
500226053	ENSG00000226053.1	ENSG00000226053.1	3	0.0	118.666667	3
500251632	ENSG00000251632.1	ENSG00000251632.1	3	0.0	118.336667	3
500258240	ENSG00000258240.1	ENSG00000258240.1	3	0.0	117.333333	3
21182	CATG00000021182.1	CATG00000021182.1	3	0.0	117.003333	3
109375	CATG00000109375.1	CATG00000109375.1	3	0.0	116.996667	3
85616	CATG00000085616.1	CATG00000085616.1	3	0.0	115.003333	3
20788	CATG00000020788.1	CATG00000020788.1	3	0.0	113.663333	3
26622	CATG00000026622.1	CATG00000026622.1	3	0.0	113.34	3
500231768	ENSG00000231768.1	ENSG00000231768.1	3	0.0	113.333333	3
500237844	ENSG00000237844.1	ENSG00000237844.1	3	0.0	112.84	4
54226	CATG00000054226.1	CATG00000054226.1	3	0.0	112.663333	3
500226026	ENSG00000226026.1	ENSG00000226026.1	3	0.0	112.336667	3
11192	CATG00000011192.1	CATG00000011192.1	3	0.0	111.996667	3
52780	CATG00000052780.1	CATG00000052780.1	3	0.0	111.333333	5
116959	CATG00000116959.1	CATG00000116959.1	3	0.0	110.666667	3
102312	CATG00000102312.1	CATG00000102312.1	3	0.0	110.505	5
500241933	ENSG00000241933.1	ENSG00000241933.1	3	0.0	110.333333	3
61968	CATG00000061968.1	CATG00000061968.1	3	0.0	109.003333	3
30638	CATG00000030638.1	CATG00000030638.1	3	0.0	108.666667	3
19609	CATG00000019609.1	CATG00000019609.1	3	0.0	108.66	3
500224505	ENSG00000224505.2	ENSG00000224505.2	3	0.0	108.34	3
87995	CATG00000087995.1	CATG00000087995.1	3	0.0	108.336667	3
23542	CATG00000023542.1	CATG00000023542.1	3	0.0	108.335	4
107019	CATG00000107019.1	CATG00000107019.1	3	0.0	108.33	3
48595	CATG00000048595.1	CATG00000048595.1	3	0.0	108.003333	4
500243004	ENSG00000243004.1	ENSG00000243004.1	3	0.0	108.003333	3
21387	CATG00000021387.1	CATG00000021387.1	3	0.0	107.336667	3
500261055	ENSG00000261055.1	ENSG00000261055.1	3	0.0	107.333333	3
500226252	ENSG00000226252.1	ENSG00000226252.1	3	0.0	107.33	3
15047	CATG00000015047.1	CATG00000015047.1	3	0.0	106.666667	3
13492	CATG00000013492.1	CATG00000013492.1	3	0.0	106.333333	3
500231170	ENSG00000231170.1	ENSG00000231170.1	3	0.0	105.673333	3
500247950	ENSG00000247950.2	ENSG00000247950.2	3	0.0	105.666667	3
20216	CATG00000020216.1	CATG00000020216.1	3	0.0	105.34	3
14356	CATG00000014356.1	CATG00000014356.1	3	0.0	105.336667	3
37098	CATG00000037098.1	CATG00000037098.1	3	0.0	105.336667	3
500246250	ENSG00000246250.2	ENSG00000246250.2	3	0.0	105.33	3
34324	CATG00000034324.1	CATG00000034324.1	3	0.0	104.0	3
22536	CATG00000022536.1	CATG00000022536.1	3	0.0	103.336667	3
500225331	ENSG00000225331.1	ENSG00000225331.1	3	0.0	103.336667	3
97152	CATG00000097152.1	CATG00000097152.1	3	0.0	103.333333	3
500204860	ENSG00000204860.4	ENSG00000204860.4	3	0.0	103.333333	3
500173811	ENSG00000173811.6	ENSG00000173811.6	3	0.0	103.006667	3
500273189	ENSG00000273189.1	ENSG00000273189.1	3	0.0	103.003333	3
69553	CATG00000069553.1	CATG00000069553.1	3	0.0	102.336667	3
86152	CATG00000086152.1	CATG00000086152.1	3	0.0	101.673333	3
2705	CATG00000002705.1	CATG00000002705.1	3	0.0	101.666667	3
18533	CATG00000018533.1	CATG00000018533.1	3	0.0	101.475	5
500235934	ENSG00000235934.1	ENSG00000235934.1	3	0.0	101.34	3
500249738	ENSG00000249738.2	ENSG00000249738.2	3	0.0	100.67	3
500231105	ENSG00000231105.1	ENSG00000231105.1	3	0.0	100.336667	3
16698	CATG00000016698.1	CATG00000016698.1	2	0.0	167.5	2
500267586	ENSG00000267586.2	ENSG00000267586.2	2	0.0	153.995	2
5325	CATG00000005325.1	CATG00000005325.1	2	0.0	153.505	2
500272894	ENSG00000272894.1	ENSG00000272894.1	2	0.0	132.495	2
99461	CATG00000099461.1	CATG00000099461.1	2	0.0	131.495	2
13322	CATG00000013322.1	CATG00000013322.1	2	0.0	130.0	2
500271855	ENSG00000271855.1	ENSG00000271855.1	2	0.0	127.5	2
500261758	ENSG00000261758.1	ENSG00000261758.1	2	0.0	127.49	2
97159	CATG00000097159.1	CATG00000097159.1	2	0.0	127.01	2
103151	CATG00000103151.1	CATG00000103151.1	2	0.0	124.49	2
500224189	ENSG00000224189.2	ENSG00000224189.2	2	0.0	123.015	2
500271155	ENSG00000271155.1	ENSG00000271155.1	2	0.0	120.5	2
106133	CATG00000106133.1	CATG00000106133.1	2	0.0	119.5	2
102657	CATG00000102657.1	CATG00000102657.1	2	0.0	118.005	2
80416	CATG00000080416.1	CATG00000080416.1	2	0.0	118.0	2
20952	CATG00000020952.1	CATG00000020952.1	2	0.0	117.96	2
79611	CATG00000079611.1	CATG00000079611.1	2	0.0	117.0	2
500232825	ENSG00000232825.1	ENSG00000232825.1	2	0.0	116.99	2
9913	CATG00000009913.1	CATG00000009913.1	2	0.0	115.505	2
500237166	ENSG00000237166.1	ENSG00000237166.1	2	0.0	115.505	2
55568	CATG00000055568.1	CATG00000055568.1	2	0.0	114.495	2
500224066	ENSG00000224066.1	ENSG00000224066.1	2	0.0	114.495	2
500251141	ENSG00000251141.1	ENSG00000251141.1	2	0.0	114.01	2
43721	CATG00000043721.1	CATG00000043721.1	2	0.0	114.005	2
500236432	ENSG00000236432.3	ENSG00000236432.3	2	0.0	114.0	2
500255670	ENSG00000255670.1	ENSG00000255670.1	2	0.0	114.0	2
57195	CATG00000057195.1	CATG00000057195.1	2	0.0	113.505	2
117568	CATG00000117568.1	CATG00000117568.1	2	0.0	113.485	2
500271937	ENSG00000271937.1	ENSG00000271937.1	2	0.0	112.5	2
19507	CATG00000019507.1	CATG00000019507.1	2	0.0	112.0	2
21829	CATG00000021829.1	CATG00000021829.1	2	0.0	112.0	2
500226363	ENSG00000226363.3	ENSG00000226363.3	2	0.0	110.5	2
83629	CATG00000083629.1	CATG00000083629.1	2	0.0	110.0	2
47017	CATG00000047017.1	CATG00000047017.1	2	0.0	109.005	2
107334	CATG00000107334.1	CATG00000107334.1	2	0.0	109.005	2
13475	CATG00000013475.1	CATG00000013475.1	2	0.0	109.0	2
25554	CATG00000025554.1	CATG00000025554.1	2	0.0	109.0	2
500251022	ENSG00000251022.2	ENSG00000251022.2	2	0.0	108.525	2
16254	CATG00000016254.1	CATG00000016254.1	2	0.0	108.51	2
26811	CATG00000026811.1	CATG00000026811.1	2	0.0	108.5	2
70617	CATG00000070617.1	CATG00000070617.1	2	0.0	108.5	2
500231252	ENSG00000231252.1	ENSG00000231252.1	2	0.0	108.0	2
500267125	ENSG00000267125.1	ENSG00000267125.1	2	0.0	107.51	2
24861	CATG00000024861.1	CATG00000024861.1	2	0.0	107.02	2
42610	CATG00000042610.1	CATG00000042610.1	2	0.0	107.005	2
500235437	ENSG00000235437.3	ENSG00000235437.3	2	0.0	107.005	2
86753	CATG00000086753.1	CATG00000086753.1	2	0.0	107.0	2
51556	CATG00000051556.1	CATG00000051556.1	2	0.0	106.995	2
500227248	ENSG00000227248.1	ENSG00000227248.1	2	0.0	106.5	2
500235954	ENSG00000235954.2	ENSG00000235954.2	2	0.0	106.0	2
79612	CATG00000079612.1	CATG00000079612.1	2	0.0	105.505	2
17739	CATG00000017739.1	CATG00000017739.1	2	0.0	105.5	2
98972	CATG00000098972.1	CATG00000098972.1	2	0.0	105.5	2
25651	CATG00000025651.1	CATG00000025651.1	2	0.0	105.01	2
66791	CATG00000066791.1	CATG00000066791.1	2	0.0	105.005	2
39942	CATG00000039942.1	CATG00000039942.1	2	0.0	104.5	2
500204929	ENSG00000204929.7	ENSG00000204929.7	2	0.0	104.495	2
500231999	ENSG00000231999.2	ENSG00000231999.2	2	0.0	104.49	2
500239828	ENSG00000239828.2	ENSG00000239828.2	2	0.0	104.25	3
500225180	ENSG00000225180.2	ENSG00000225180.2	2	0.0	104.005	2
7308	CATG00000007308.1	CATG00000007308.1	2	0.0	104.0	2
93417	CATG00000093417.1	CATG00000093417.1	2	0.0	104.0	2
500272991	ENSG00000272991.1	ENSG00000272991.1	2	0.0	104.0	2
10279	CATG00000010279.1	CATG00000010279.1	2	0.0	103.505	2
81694	CATG00000081694.1	CATG00000081694.1	2	0.0	103.505	2
43283	CATG00000043283.1	CATG00000043283.1	2	0.0	103.5	2
79598	CATG00000079598.1	CATG00000079598.1	2	0.0	103.5	2
21520	CATG00000021520.1	CATG00000021520.1	2	0.0	103.0	2
500245164	ENSG00000245164.2	ENSG00000245164.2	2	0.0	102.515	2
500230613	ENSG00000230613.1	ENSG00000230613.1	2	0.0	102.51	2
500251364	ENSG00000251364.2	ENSG00000251364.2	2	0.0	102.5	2
90178	CATG00000090178.1	CATG00000090178.1	2	0.0	102.005	2
113378	CATG00000113378.1	CATG00000113378.1	2	0.0	102.005	2
500226686	ENSG00000226686.3	ENSG00000226686.3	2	0.0	102.005	2
500260788	ENSG00000260788.1	ENSG00000260788.1	2	0.0	101.505	2
500255864	ENSG00000255864.1	ENSG00000255864.1	2	0.0	100.495	2
47993	CATG00000047993.1	CATG00000047993.1	1	0.0	210.0	1
67653	CATG00000067653.1	CATG00000067653.1	1	0.0	190.99	1
88398	CATG00000088398.1	CATG00000088398.1	1	0.0	174.99	1
74129	CATG00000074129.1	CATG00000074129.1	1	0.0	172.005	2
500180458	ENSG00000180458.2	ENSG00000180458.2	1	0.0	163.0	1
37659	CATG00000037659.1	CATG00000037659.1	1	0.0	158.01	1
19532	CATG00000019532.1	CATG00000019532.1	1	0.0	155.01	1
500240498	ENSG00000240498.2	ENSG00000240498.2	1	0.0	152.99	1
500259326	ENSG00000259326.1	ENSG00000259326.1	1	0.0	152.01	1
92110	CATG00000092110.1	CATG00000092110.1	1	0.0	145.99	1
64800	CATG00000064800.1	CATG00000064800.1	1	0.0	140.01	1
42171	CATG00000042171.1	CATG00000042171.1	1	0.0	138.0	1
66407	CATG00000066407.1	CATG00000066407.1	1	0.0	131.0	1
45691	CATG00000045691.1	CATG00000045691.1	1	0.0	129.0	1
14362	CATG00000014362.1	CATG00000014362.1	1	0.0	127.0	1
500267629	ENSG00000267629.2	ENSG00000267629.2	1	0.0	126.01	1
53834	CATG00000053834.1	CATG00000053834.1	1	0.0	126.0	1
86814	CATG00000086814.1	CATG00000086814.1	1	0.0	123.99	2
60295	CATG00000060295.1	CATG00000060295.1	1	0.0	123.02	1
43937	CATG00000043937.1	CATG00000043937.1	1	0.0	123.0	1
98185	CATG00000098185.1	CATG00000098185.1	1	0.0	123.0	1
500223914	ENSG00000223914.1	ENSG00000223914.1	1	0.0	123.0	1
500231889	ENSG00000231889.3	ENSG00000231889.3	1	0.0	122.99	1
79506	CATG00000079506.1	CATG00000079506.1	1	0.0	121.0	1
500267007	ENSG00000267007.1	ENSG00000267007.1	1	0.0	120.0	1
500267040	ENSG00000267040.2	ENSG00000267040.2	1	0.0	120.0	1
25662	CATG00000025662.1	CATG00000025662.1	1	0.0	119.0	1
82558	CATG00000082558.1	CATG00000082558.1	1	0.0	119.0	1
99987	CATG00000099987.1	CATG00000099987.1	1	0.0	119.0	1
500259476	ENSG00000259476.1	ENSG00000259476.1	1	0.0	119.0	1
5254	CATG00000005254.1	CATG00000005254.1	1	0.0	118.0	1
66323	CATG00000066323.1	CATG00000066323.1	1	0.0	117.99	1
95001	CATG00000095001.1	CATG00000095001.1	1	0.0	117.0	1
104622	CATG00000104622.1	CATG00000104622.1	1	0.0	117.0	1
32335	CATG00000032335.1	CATG00000032335.1	1	0.0	116.99	1
64202	CATG00000064202.1	CATG00000064202.1	1	0.0	115.01	1
500271327	ENSG00000271327.1	ENSG00000271327.1	1	0.0	115.01	1
42550	CATG00000042550.1	CATG00000042550.1	1	0.0	115.0	1
500226786	ENSG00000226786.2	ENSG00000226786.2	1	0.0	115.0	1
16488	CATG00000016488.1	CATG00000016488.1	1	0.0	114.0	1
32272	CATG00000032272.1	CATG00000032272.1	1	0.0	114.0	1
77901	CATG00000077901.1	CATG00000077901.1	1	0.0	114.0	1
88071	CATG00000088071.1	CATG00000088071.1	1	0.0	114.0	1
111123	CATG00000111123.1	CATG00000111123.1	1	0.0	114.0	1
500240990	ENSG00000240990.5	ENSG00000240990.5	1	0.0	114.0	1
858	CATG00000000858.1	CATG00000000858.1	1	0.0	113.09	1
54684	CATG00000054684.1	CATG00000054684.1	1	0.0	113.01	1
83244	CATG00000083244.1	CATG00000083244.1	1	0.0	113.01	1
523	CATG00000000523.1	CATG00000000523.1	1	0.0	113.0	1
63492	CATG00000063492.1	CATG00000063492.1	1	0.0	113.0	1
95118	CATG00000095118.1	CATG00000095118.1	1	0.0	113.0	1
500249650	ENSG00000249650.1	ENSG00000249650.1	1	0.0	113.0	1
106127	CATG00000106127.1	CATG00000106127.1	1	0.0	112.99	1
500259234	ENSG00000259234.1	ENSG00000259234.1	1	0.0	112.95	1
500261644	ENSG00000261644.1	ENSG00000261644.1	1	0.0	112.01	1
33237	CATG00000033237.1	CATG00000033237.1	1	0.0	112.0	1
80878	CATG00000080878.1	CATG00000080878.1	1	0.0	112.0	1
87941	CATG00000087941.1	CATG00000087941.1	1	0.0	112.0	1
35489	CATG00000035489.1	CATG00000035489.1	1	0.0	111.01	1
83550	CATG00000083550.1	CATG00000083550.1	1	0.0	111.01	1
500234690	ENSG00000234690.2	ENSG00000234690.2	1	0.0	111.01	1
88838	CATG00000088838.1	CATG00000088838.1	1	0.0	111.005	2
10710	CATG00000010710.1	CATG00000010710.1	1	0.0	111.0	1
69727	CATG00000069727.1	CATG00000069727.1	1	0.0	111.0	1
38743	CATG00000038743.1	CATG00000038743.1	1	0.0	110.0	1
61552	CATG00000061552.1	CATG00000061552.1	1	0.0	110.0	1
65473	CATG00000065473.1	CATG00000065473.1	1	0.0	110.0	1
65837	CATG00000065837.1	CATG00000065837.1	1	0.0	110.0	1
91754	CATG00000091754.1	CATG00000091754.1	1	0.0	110.0	1
500250159	ENSG00000250159.2	ENSG00000250159.2	1	0.0	110.0	1
500258553	ENSG00000258553.1	ENSG00000258553.1	1	0.0	110.0	1
500259080	ENSG00000259080.1	ENSG00000259080.1	1	0.0	109.03	1
43230	CATG00000043230.1	CATG00000043230.1	1	0.0	109.01	1
500272148	ENSG00000272148.1	ENSG00000272148.1	1	0.0	109.01	1
25648	CATG00000025648.1	CATG00000025648.1	1	0.0	109.0	1
500228606	ENSG00000228606.1	ENSG00000228606.1	1	0.0	109.0	1
40873	CATG00000040873.1	CATG00000040873.1	1	0.0	108.99	1
20709	CATG00000020709.1	CATG00000020709.1	1	0.0	108.01	1
44875	CATG00000044875.1	CATG00000044875.1	1	0.0	108.01	1
91985	CATG00000091985.1	CATG00000091985.1	1	0.0	108.01	1
106168	CATG00000106168.1	CATG00000106168.1	1	0.0	108.01	1
500251301	ENSG00000251301.2	ENSG00000251301.2	1	0.0	108.01	1
500260411	ENSG00000260411.2	ENSG00000260411.2	1	0.0	108.01	1
25597	CATG00000025597.1	CATG00000025597.1	1	0.0	108.0	1
83238	CATG00000083238.1	CATG00000083238.1	1	0.0	108.0	1
500203280	ENSG00000203280.3	ENSG00000203280.3	1	0.0	108.0	1
55118	CATG00000055118.1	CATG00000055118.1	1	0.0	107.99	1
64155	CATG00000064155.1	CATG00000064155.1	1	0.0	107.99	1
80572	CATG00000080572.1	CATG00000080572.1	1	0.0	107.99	1
500258057	ENSG00000258057.1	ENSG00000258057.1	1	0.0	107.99	1
500251562	ENSG00000251562.3	ENSG00000251562.3	1	0.0	107.505	2
500226380	ENSG00000226380.3	ENSG00000226380.3	1	0.0	107.01	1
500224165	ENSG00000224165.1	ENSG00000224165.1	1	0.0	107.0	1
500230960	ENSG00000230960.1	ENSG00000230960.1	1	0.0	107.0	1
72	CATG00000000072.1	CATG00000000072.1	1	0.0	106.99	1
500267607	ENSG00000267607.1	ENSG00000267607.1	1	0.0	106.99	1
500244040	ENSG00000244040.1	ENSG00000244040.1	1	0.0	106.51	2
24264	CATG00000024264.1	CATG00000024264.1	1	0.0	106.0	1
36255	CATG00000036255.1	CATG00000036255.1	1	0.0	106.0	1
47995	CATG00000047995.1	CATG00000047995.1	1	0.0	106.0	1
72158	CATG00000072158.1	CATG00000072158.1	1	0.0	106.0	1
98473	CATG00000098473.1	CATG00000098473.1	1	0.0	106.0	1
106961	CATG00000106961.1	CATG00000106961.1	1	0.0	105.99	1
88064	CATG00000088064.1	CATG00000088064.1	1	0.0	105.06	1
72858	CATG00000072858.1	CATG00000072858.1	1	0.0	105.0	1
95143	CATG00000095143.1	CATG00000095143.1	1	0.0	105.0	1
5853	CATG00000005853.1	CATG00000005853.1	1	0.0	104.99	1
67396	CATG00000067396.1	CATG00000067396.1	1	0.0	104.99	1
75693	CATG00000075693.1	CATG00000075693.1	1	0.0	104.99	1
118297	CATG00000118297.1	CATG00000118297.1	1	0.0	104.99	1
500235300	ENSG00000235300.3	ENSG00000235300.3	1	0.0	104.99	1
500243176	ENSG00000243176.1	ENSG00000243176.1	1	0.0	104.99	1
500267432	ENSG00000267432.1	ENSG00000267432.1	1	0.0	104.99	1
54804	CATG00000054804.1	CATG00000054804.1	1	0.0	104.495	2
91455	CATG00000091455.1	CATG00000091455.1	1	0.0	104.01	1
500226779	ENSG00000226779.1	ENSG00000226779.1	1	0.0	104.01	1
500228962	ENSG00000228962.1	ENSG00000228962.1	1	0.0	104.01	1
500242767	ENSG00000242767.1	ENSG00000242767.1	1	0.0	104.01	1
500260509	ENSG00000260509.2	ENSG00000260509.2	1	0.0	104.01	1
52997	CATG00000052997.1	CATG00000052997.1	1	0.0	104.0	1
101985	CATG00000101985.1	CATG00000101985.1	1	0.0	104.0	1
500251136	ENSG00000251136.4	ENSG00000251136.4	1	0.0	104.0	1
500254554	ENSG00000254554.1	ENSG00000254554.1	1	0.0	104.0	1
500246334	ENSG00000246334.2	ENSG00000246334.2	1	0.0	103.99	1
52754	CATG00000052754.1	CATG00000052754.1	1	0.0	103.97	1
500239636	ENSG00000239636.1	ENSG00000239636.1	1	0.0	103.97	1
9912	CATG00000009912.1	CATG00000009912.1	1	0.0	103.51	2
500239219	ENSG00000239219.2	ENSG00000239219.2	1	0.0	103.01	1
37594	CATG00000037594.1	CATG00000037594.1	1	0.0	103.0	1
57414	CATG00000057414.1	CATG00000057414.1	1	0.0	103.0	1
60349	CATG00000060349.1	CATG00000060349.1	1	0.0	103.0	1
81246	CATG00000081246.1	CATG00000081246.1	1	0.0	103.0	1
500232018	ENSG00000232018.4	ENSG00000232018.4	1	0.0	103.0	1
500273416	ENSG00000273416.1	ENSG00000273416.1	1	0.0	103.0	1
500233154	ENSG00000233154.1	ENSG00000233154.1	1	0.0	102.99	1
40501	CATG00000040501.1	CATG00000040501.1	1	0.0	102.98	1
500226496	ENSG00000226496.1	ENSG00000226496.1	1	0.0	102.08	1
39537	CATG00000039537.1	CATG00000039537.1	1	0.0	102.01	1
40756	CATG00000040756.1	CATG00000040756.1	1	0.0	102.01	1
88065	CATG00000088065.1	CATG00000088065.1	1	0.0	102.01	1
117746	CATG00000117746.1	CATG00000117746.1	1	0.0	102.01	1
46523	CATG00000046523.1	CATG00000046523.1	1	0.0	102.0	1
77375	CATG00000077375.1	CATG00000077375.1	1	0.0	102.0	1
88073	CATG00000088073.1	CATG00000088073.1	1	0.0	102.0	1
500215533	ENSG00000215533.4	ENSG00000215533.4	1	0.0	102.0	1
500234336	ENSG00000234336.2	ENSG00000234336.2	1	0.0	102.0	1
53835	CATG00000053835.1	CATG00000053835.1	1	0.0	101.98	1
500243766	ENSG00000243766.3	ENSG00000243766.3	1	0.0	101.01	1
5458	CATG00000005458.1	CATG00000005458.1	1	0.0	101.0	1
19935	CATG00000019935.1	CATG00000019935.1	1	0.0	101.0	1
23179	CATG00000023179.1	CATG00000023179.1	1	0.0	101.0	2
23642	CATG00000023642.1	CATG00000023642.1	1	0.0	101.0	1
29291	CATG00000029291.1	CATG00000029291.1	1	0.0	101.0	1
38595	CATG00000038595.1	CATG00000038595.1	1	0.0	101.0	1
38737	CATG00000038737.1	CATG00000038737.1	1	0.0	101.0	1
39757	CATG00000039757.1	CATG00000039757.1	1	0.0	101.0	1
43006	CATG00000043006.1	CATG00000043006.1	1	0.0	101.0	1
48152	CATG00000048152.1	CATG00000048152.1	1	0.0	101.0	1
48657	CATG00000048657.1	CATG00000048657.1	1	0.0	101.0	1
75493	CATG00000075493.1	CATG00000075493.1	1	0.0	101.0	1
101542	CATG00000101542.1	CATG00000101542.1	1	0.0	101.0	1
500214432	ENSG00000214432.5	ENSG00000214432.5	1	0.0	101.0	1
500223969	ENSG00000223969.1	ENSG00000223969.1	1	0.0	101.0	1
500228412	ENSG00000228412.2	ENSG00000228412.2	1	0.0	101.0	1
500249494	ENSG00000249494.1	ENSG00000249494.1	1	0.0	101.0	1
500262670	ENSG00000262670.1	ENSG00000262670.1	1	0.0	101.0	1
500272070	ENSG00000272070.1	ENSG00000272070.1	1	0.0	101.0	1
20498	CATG00000020498.1	CATG00000020498.1	1	0.0	100.99	1
20659	CATG00000020659.1	CATG00000020659.1	1	0.0	100.99	1
23067	CATG00000023067.1	CATG00000023067.1	1	0.0	100.99	1
500265752	ENSG00000265752.2	ENSG00000265752.2	1	0.0	100.99	1
500257180	ENSG00000257180.1	ENSG00000257180.1	1	0.0	100.5	2
51167	CATG00000051167.1	CATG00000051167.1	1	0.0	100.01	1
58062	CATG00000058062.1	CATG00000058062.1	1	0.0	100.01	1
79596	CATG00000079596.1	CATG00000079596.1	1	0.0	100.01	1
83556	CATG00000083556.1	CATG00000083556.1	1	0.0	100.01	1
84929	CATG00000084929.1	CATG00000084929.1	1	0.0	100.01	1
88082	CATG00000088082.1	CATG00000088082.1	1	0.0	100.01	1
95666	CATG00000095666.1	CATG00000095666.1	1	0.0	100.01	1
500214401	ENSG00000214401.4	ENSG00000214401.4	1	0.0	100.01	1
500253704	ENSG00000253704.1	ENSG00000253704.1	1	0.0	100.01	1
500260750	ENSG00000260750.1	ENSG00000260750.1	1	0.0	100.01	1
19889	CATG00000019889.1	CATG00000019889.1	1	0.0	100.0	1
38643	CATG00000038643.1	CATG00000038643.1	1	0.0	100.0	1
58706	CATG00000058706.1	CATG00000058706.1	1	0.0	100.0	1
70588	CATG00000070588.1	CATG00000070588.1	1	0.0	100.0	1
82845	CATG00000082845.1	CATG00000082845.1	1	0.0	100.0	1
83557	CATG00000083557.1	CATG00000083557.1	1	0.0	100.0	1
83592	CATG00000083592.1	CATG00000083592.1	1	0.0	100.0	1
500223799	ENSG00000223799.1	ENSG00000223799.1	1	0.0	100.0	1
500235024	ENSG00000235024.1	ENSG00000235024.1	1	0.0	100.0	1
500236266	ENSG00000236266.1	ENSG00000236266.1	1	0.0	100.0	1
500245573	ENSG00000245573.3	ENSG00000245573.3	1	0.0	100.0	1
500258517	ENSG00000258517.1	ENSG00000258517.1	1	0.0	100.0	1
500260588	ENSG00000260588.1	ENSG00000260588.1	1	0.0	100.0	1
