gene_symbol	term_id	term_name	source	evidence
ATP2B2	GO:0006816	calcium ion transport	MyGene.info GO BP	IMP
ATP2B2	GO:0007605	sensory perception of sound	MyGene.info GO BP	IMP
ATP2B2	GO:0030182	neuron differentiation	MyGene.info GO BP	IDA
ATP2B2	GO:0034220	monoatomic ion transmembrane transport	MyGene.info GO BP	TAS
ATP2B2	GO:0051480	regulation of cytosolic calcium ion concentration	MyGene.info GO BP	IBA
ATP2B2	GO:0070588	calcium ion transmembrane transport	MyGene.info GO BP	IEA
ATP2B2	GO:0090102	cochlea development	MyGene.info GO BP	IEA
ATP2B2	GO:0099566	regulation of postsynaptic cytosolic calcium ion concentration	MyGene.info GO BP	IEA
ATP2B2	GO:1903779	regulation of cardiac conduction	MyGene.info GO BP	IEA
ULK1	GO:0000045	autophagosome assembly	MyGene.info GO BP	IBA
ULK1	GO:0000423	mitophagy	MyGene.info GO BP	IBA
ULK1	GO:0006468	protein phosphorylation	MyGene.info GO BP	NAS
ULK1	GO:0006914	autophagy	MyGene.info GO BP	IDA
ULK1	GO:0007165	signal transduction	MyGene.info GO BP	IEA
ULK1	GO:0007409	axonogenesis	MyGene.info GO BP	IEA
ULK1	GO:0008104	intracellular protein localization	MyGene.info GO BP	IMP
ULK1	GO:0008285	negative regulation of cell population proliferation	MyGene.info GO BP	IDA
ULK1	GO:0010506	regulation of autophagy	MyGene.info GO BP	IBA
ULK1	GO:0010508	positive regulation of autophagy	MyGene.info GO BP	IDA
ULK1	GO:0010803	regulation of tumor necrosis factor-mediated signaling pathway	MyGene.info GO BP	TAS
ULK1	GO:0016236	macroautophagy	MyGene.info GO BP	IMP
ULK1	GO:0016241	regulation of macroautophagy	MyGene.info GO BP	IDA
ULK1	GO:0018105	peptidyl-serine phosphorylation	MyGene.info GO BP	IDA
ULK1	GO:0031175	neuron projection development	MyGene.info GO BP	IMP
ULK1	GO:0031333	negative regulation of protein-containing complex assembly	MyGene.info GO BP	IDA
ULK1	GO:0031669	cellular response to nutrient levels	MyGene.info GO BP	ISS
ULK1	GO:0033554	cellular response to stress	MyGene.info GO BP	IDA
ULK1	GO:0034727	piecemeal microautophagy of the nucleus	MyGene.info GO BP	IBA
ULK1	GO:0042594	response to starvation	MyGene.info GO BP	IBA
ULK1	GO:0046777	protein autophosphorylation	MyGene.info GO BP	IDA
ULK1	GO:0048671	negative regulation of collateral sprouting	MyGene.info GO BP	IBA
ULK1	GO:0048675	axon extension	MyGene.info GO BP	IBA
ULK1	GO:0061709	reticulophagy	MyGene.info GO BP	IBA
ULK1	GO:1903059	regulation of protein lipidation	MyGene.info GO BP	IDA
JMJD1C	GO:0002317	plasma cell differentiation	MyGene.info GO BP	ISS
JMJD1C	GO:0006338	chromatin remodeling	MyGene.info GO BP	IEA
JMJD1C	GO:0006355	regulation of DNA-templated transcription	MyGene.info GO BP	TAS
JMJD1C	GO:0006357	regulation of transcription by RNA polymerase II	MyGene.info GO BP	IBA
JMJD1C	GO:0007596	blood coagulation	MyGene.info GO BP	TAS
JMJD1C	GO:0008610	lipid biosynthetic process	MyGene.info GO BP	ISS
DLGAP1	GO:0007268	chemical synaptic transmission	MyGene.info GO BP	NAS
DLGAP1	GO:0023052	signaling	MyGene.info GO BP	IEA
DLGAP1	GO:0050804	modulation of chemical synaptic transmission	MyGene.info GO BP	IBA
RNFT2	GO:1904294	positive regulation of ERAD pathway	MyGene.info GO BP	IEA
RSF1	GO:0006325	chromatin organization	MyGene.info GO BP	IDA
RSF1	GO:0006334	nucleosome assembly	MyGene.info GO BP	EXP
RSF1	GO:0006338	chromatin remodeling	MyGene.info GO BP	IDA
RSF1	GO:0006352	DNA-templated transcription initiation	MyGene.info GO BP	IDA
RSF1	GO:0006355	regulation of DNA-templated transcription	MyGene.info GO BP	IBA
RSF1	GO:0031507	heterochromatin formation	MyGene.info GO BP	IBA
RSF1	GO:0043392	negative regulation of DNA binding	MyGene.info GO BP	IDA
RSF1	GO:0045892	negative regulation of DNA-templated transcription	MyGene.info GO BP	IDA
RSF1	GO:0045893	positive regulation of DNA-templated transcription	MyGene.info GO BP	IDA
RSF1	GO:0050434	positive regulation of viral transcription	MyGene.info GO BP	IDA
TPPP	GO:0001578	microtubule bundle formation	MyGene.info GO BP	IBA
TPPP	GO:0014003	oligodendrocyte development	MyGene.info GO BP	IEA
TPPP	GO:0030953	astral microtubule organization	MyGene.info GO BP	IDA
TPPP	GO:0031334	positive regulation of protein-containing complex assembly	MyGene.info GO BP	ISS
TPPP	GO:0031643	positive regulation of myelination	MyGene.info GO BP	IEA
TPPP	GO:0032273	positive regulation of protein polymerization	MyGene.info GO BP	IBA
TPPP	GO:0032288	myelin assembly	MyGene.info GO BP	IEA
TPPP	GO:0046785	microtubule polymerization	MyGene.info GO BP	IBA
TPPP	GO:0048709	oligodendrocyte differentiation	MyGene.info GO BP	IEA
TPPP	GO:0051418	microtubule nucleation by microtubule organizing center	MyGene.info GO BP	IDA
TPPP	GO:0070507	regulation of microtubule cytoskeleton organization	MyGene.info GO BP	IDA
TPPP	GO:1904428	negative regulation of tubulin deacetylation	MyGene.info GO BP	IDA
FOXP1	GO:0000122	negative regulation of transcription by RNA polymerase II	MyGene.info GO BP	IEA
FOXP1	GO:0002903	negative regulation of B cell apoptotic process	MyGene.info GO BP	IDA
FOXP1	GO:0006355	regulation of DNA-templated transcription	MyGene.info GO BP	IEA
FOXP1	GO:0006357	regulation of transcription by RNA polymerase II	MyGene.info GO BP	IBA
FOXP1	GO:0006974	DNA damage response	MyGene.info GO BP	IMP
FOXP1	GO:0010468	regulation of gene expression	MyGene.info GO BP	IMP
FOXP1	GO:0010595	positive regulation of endothelial cell migration	MyGene.info GO BP	IMP
FOXP1	GO:0010629	negative regulation of gene expression	MyGene.info GO BP	IDA
FOXP1	GO:0021756	striatum development	MyGene.info GO BP	IEA
FOXP1	GO:0030316	osteoclast differentiation	MyGene.info GO BP	IDA
FOXP1	GO:0030900	forebrain development	MyGene.info GO BP	IEA
FOXP1	GO:0032496	response to lipopolysaccharide	MyGene.info GO BP	IDA
FOXP1	GO:0032651	regulation of interleukin-1 beta production	MyGene.info GO BP	IDA
FOXP1	GO:0032655	regulation of interleukin-12 production	MyGene.info GO BP	IDA
FOXP1	GO:0032680	regulation of tumor necrosis factor production	MyGene.info GO BP	IDA
FOXP1	GO:0032745	positive regulation of interleukin-21 production	MyGene.info GO BP	ISS
FOXP1	GO:0033574	response to testosterone	MyGene.info GO BP	IEA
FOXP1	GO:0036035	osteoclast development	MyGene.info GO BP	IDA
FOXP1	GO:0042116	macrophage activation	MyGene.info GO BP	IDA
FOXP1	GO:0042117	monocyte activation	MyGene.info GO BP	IDA
FOXP1	GO:0042118	endothelial cell activation	MyGene.info GO BP	IMP
FOXP1	GO:0045655	regulation of monocyte differentiation	MyGene.info GO BP	IDA
FOXP1	GO:0045892	negative regulation of DNA-templated transcription	MyGene.info GO BP	IDA
FOXP1	GO:0048513	animal organ development	MyGene.info GO BP	IEA
FOXP1	GO:0048661	positive regulation of smooth muscle cell proliferation	MyGene.info GO BP	IMP
FOXP1	GO:0050727	regulation of inflammatory response	MyGene.info GO BP	IDA
FOXP1	GO:0050861	positive regulation of B cell receptor signaling pathway	MyGene.info GO BP	IMP
FOXP1	GO:0060766	negative regulation of androgen receptor signaling pathway	MyGene.info GO BP	IDA
FOXP1	GO:0061052	negative regulation of cell growth involved in cardiac muscle cell development	MyGene.info GO BP	IEA
FOXP1	GO:0061470	T follicular helper cell differentiation	MyGene.info GO BP	ISS
FOXP1	GO:0071356	cellular response to tumor necrosis factor	MyGene.info GO BP	IEA
FOXP1	GO:1900424	regulation of defense response to bacterium	MyGene.info GO BP	IDA
FOXP1	GO:1901256	regulation of macrophage colony-stimulating factor production	MyGene.info GO BP	IDA
FOXP1	GO:1901300	positive regulation of hydrogen peroxide-mediated programmed cell death	MyGene.info GO BP	IEA
FOXP1	GO:1901509	regulation of endothelial tube morphogenesis	MyGene.info GO BP	IMP
FOXP1	GO:2000341	regulation of chemokine (C-X-C motif) ligand 2 production	MyGene.info GO BP	IDA
RASGRF1	GO:0007165	signal transduction	MyGene.info GO BP	TAS
RASGRF1	GO:0007264	small GTPase-mediated signal transduction	MyGene.info GO BP	IEA
RASGRF1	GO:0007265	Ras protein signal transduction	MyGene.info GO BP	IBA
RASGRF1	GO:0007616	long-term memory	MyGene.info GO BP	NAS
RASGRF1	GO:0031175	neuron projection development	MyGene.info GO BP	IEA
RASGRF1	GO:0034976	response to endoplasmic reticulum stress	MyGene.info GO BP	IEA
RASGRF1	GO:0035022	positive regulation of Rac protein signal transduction	MyGene.info GO BP	IEA
RASGRF1	GO:0035556	intracellular signal transduction	MyGene.info GO BP	IEA
RASGRF1	GO:0043409	negative regulation of MAPK cascade	MyGene.info GO BP	ISS
RASGRF1	GO:0043410	positive regulation of MAPK cascade	MyGene.info GO BP	IEA
RASGRF1	GO:0046578	regulation of Ras protein signal transduction	MyGene.info GO BP	IEA
RASGRF1	GO:0046579	positive regulation of Ras protein signal transduction	MyGene.info GO BP	ISS
RASGRF1	GO:0048167	regulation of synaptic plasticity	MyGene.info GO BP	IBA
SPAG1	GO:0007338	single fertilization	MyGene.info GO BP	TAS
SPAG1	GO:0050821	protein stabilization	MyGene.info GO BP	NAS
SPAG1	GO:0070286	axonemal dynein complex assembly	MyGene.info GO BP	ISS
RFX4	GO:0006355	regulation of DNA-templated transcription	MyGene.info GO BP	IEA
RFX4	GO:0006357	regulation of transcription by RNA polymerase II	MyGene.info GO BP	IBA
RFX4	GO:0045944	positive regulation of transcription by RNA polymerase II	MyGene.info GO BP	IDA
CPNE5	GO:0071277	cellular response to calcium ion	MyGene.info GO BP	IBA
CPNE5	GO:1903861	positive regulation of dendrite extension	MyGene.info GO BP	IDA
KIAA1755	GO:0007411	axon guidance	MyGene.info GO BP	IBA
SPEF2	GO:0003351	epithelial cilium movement involved in extracellular fluid movement	MyGene.info GO BP	ISS
SPEF2	GO:0007283	spermatogenesis	MyGene.info GO BP	ISS
SPEF2	GO:0007288	sperm axoneme assembly	MyGene.info GO BP	IBA
SPEF2	GO:0048705	skeletal system morphogenesis	MyGene.info GO BP	ISS
SPEF2	GO:0048854	brain morphogenesis	MyGene.info GO BP	ISS
SPEF2	GO:0060541	respiratory system development	MyGene.info GO BP	ISS
CLSTN2	GO:0007156	homophilic cell-cell adhesion	MyGene.info GO BP	IBA
CLSTN2	GO:0008306	associative learning	MyGene.info GO BP	IEA
CLSTN2	GO:0050806	positive regulation of synaptic transmission	MyGene.info GO BP	IBA
CLSTN2	GO:0051965	positive regulation of synapse assembly	MyGene.info GO BP	IBA
CLSTN2	GO:1904862	inhibitory synapse assembly	MyGene.info GO BP	IEA
LDB2	GO:0000122	negative regulation of transcription by RNA polymerase II	MyGene.info GO BP	IBA
LDB2	GO:0007399	nervous system development	MyGene.info GO BP	IBA
LDB2	GO:0030334	regulation of cell migration	MyGene.info GO BP	ISS
LDB2	GO:0043549	regulation of kinase activity	MyGene.info GO BP	ISS
LDB2	GO:0045944	positive regulation of transcription by RNA polymerase II	MyGene.info GO BP	IBA
ERBB4	GO:0001755	neural crest cell migration	MyGene.info GO BP	IEA
ERBB4	GO:0001934	positive regulation of protein phosphorylation	MyGene.info GO BP	TAS
ERBB4	GO:0007165	signal transduction	MyGene.info GO BP	IDA
ERBB4	GO:0007166	cell surface receptor signaling pathway	MyGene.info GO BP	IEA
ERBB4	GO:0007169	cell surface receptor protein tyrosine kinase signaling pathway	MyGene.info GO BP	IDA
ERBB4	GO:0007173	epidermal growth factor receptor signaling pathway	MyGene.info GO BP	IBA
ERBB4	GO:0007259	cell surface receptor signaling pathway via JAK-STAT	MyGene.info GO BP	IEA
ERBB4	GO:0007399	nervous system development	MyGene.info GO BP	ISS
ERBB4	GO:0007416	synapse assembly	MyGene.info GO BP	IEA
ERBB4	GO:0007507	heart development	MyGene.info GO BP	ISS
ERBB4	GO:0007595	lactation	MyGene.info GO BP	IEA
ERBB4	GO:0008284	positive regulation of cell population proliferation	MyGene.info GO BP	IEA
ERBB4	GO:0008285	negative regulation of cell population proliferation	MyGene.info GO BP	IMP
ERBB4	GO:0009880	embryonic pattern specification	MyGene.info GO BP	IEA
ERBB4	GO:0016477	cell migration	MyGene.info GO BP	IDA
ERBB4	GO:0018108	peptidyl-tyrosine phosphorylation	MyGene.info GO BP	IDA
ERBB4	GO:0021551	central nervous system morphogenesis	MyGene.info GO BP	IEA
ERBB4	GO:0021889	olfactory bulb interneuron differentiation	MyGene.info GO BP	IEA
ERBB4	GO:0030182	neuron differentiation	MyGene.info GO BP	IBA
ERBB4	GO:0030334	regulation of cell migration	MyGene.info GO BP	IEA
ERBB4	GO:0030879	mammary gland development	MyGene.info GO BP	IEA
ERBB4	GO:0038130	ERBB4 signaling pathway	MyGene.info GO BP	IDA
ERBB4	GO:0038135	ERBB2-ERBB4 signaling pathway	MyGene.info GO BP	IEA
ERBB4	GO:0038138	ERBB4-ERBB4 signaling pathway	MyGene.info GO BP	IDA
ERBB4	GO:0042531	positive regulation of tyrosine phosphorylation of STAT protein	MyGene.info GO BP	IMP
ERBB4	GO:0043066	negative regulation of apoptotic process	MyGene.info GO BP	IBA
ERBB4	GO:0043410	positive regulation of MAPK cascade	MyGene.info GO BP	IBA
ERBB4	GO:0043653	mitochondrial fragmentation involved in apoptotic process	MyGene.info GO BP	IMP
ERBB4	GO:0045893	positive regulation of DNA-templated transcription	MyGene.info GO BP	IEA
ERBB4	GO:0045937	positive regulation of phosphate metabolic process	MyGene.info GO BP	IEA
ERBB4	GO:0046427	positive regulation of receptor signaling pathway via JAK-STAT	MyGene.info GO BP	IEA
ERBB4	GO:0046777	protein autophosphorylation	MyGene.info GO BP	IDA
ERBB4	GO:0050679	positive regulation of epithelial cell proliferation	MyGene.info GO BP	IBA
ERBB4	GO:0060045	positive regulation of cardiac muscle cell proliferation	MyGene.info GO BP	IEA
ERBB4	GO:0060644	mammary gland epithelial cell differentiation	MyGene.info GO BP	IEA
ERBB4	GO:0060749	mammary gland alveolus development	MyGene.info GO BP	IEA
ERBB4	GO:0061026	cardiac muscle tissue regeneration	MyGene.info GO BP	IEA
ERBB4	GO:0070374	positive regulation of ERK1 and ERK2 cascade	MyGene.info GO BP	IEA
ERBB4	GO:0099645	neurotransmitter receptor localization to postsynaptic specialization membrane	MyGene.info GO BP	IEA
CAMK1D	GO:0007165	signal transduction	MyGene.info GO BP	IBA
CAMK1D	GO:0010975	regulation of neuron projection development	MyGene.info GO BP	IBA
CAMK1D	GO:0010976	positive regulation of neuron projection development	MyGene.info GO BP	IEA
CAMK1D	GO:0050766	positive regulation of phagocytosis	MyGene.info GO BP	IMP
CAMK1D	GO:0050773	regulation of dendrite development	MyGene.info GO BP	IMP
CAMK1D	GO:0060267	positive regulation of respiratory burst	MyGene.info GO BP	IMP
CAMK1D	GO:0071622	regulation of granulocyte chemotaxis	MyGene.info GO BP	IBA
CAMK1D	GO:0090023	positive regulation of neutrophil chemotaxis	MyGene.info GO BP	IEA
OSBP2	GO:0007286	spermatid development	MyGene.info GO BP	ISS
RASGEF1A	GO:0007264	small GTPase-mediated signal transduction	MyGene.info GO BP	IEA
RASGEF1A	GO:0007265	Ras protein signal transduction	MyGene.info GO BP	IBA
RASGEF1A	GO:0016477	cell migration	MyGene.info GO BP	IDA
RASGEF1A	GO:0046579	positive regulation of Ras protein signal transduction	MyGene.info GO BP	IDA
IKZF1	GO:0006357	regulation of transcription by RNA polymerase II	MyGene.info GO BP	IBA
IKZF1	GO:0007498	mesoderm development	MyGene.info GO BP	IEA
IKZF1	GO:0030098	lymphocyte differentiation	MyGene.info GO BP	IEA
IKZF1	GO:0030218	erythrocyte differentiation	MyGene.info GO BP	IMP
IKZF1	GO:0045892	negative regulation of DNA-templated transcription	MyGene.info GO BP	ISS
VASP	GO:0001843	neural tube closure	MyGene.info GO BP	IBA
VASP	GO:0007411	axon guidance	MyGene.info GO BP	IBA
VASP	GO:0008154	actin polymerization or depolymerization	MyGene.info GO BP	IBA
VASP	GO:0030838	positive regulation of actin filament polymerization	MyGene.info GO BP	IBA
VASP	GO:0051289	protein homotetramerization	MyGene.info GO BP	IEA
THSD7A	GO:0030036	actin cytoskeleton organization	MyGene.info GO BP	IBA
ABCC8	GO:0001678	intracellular glucose homeostasis	MyGene.info GO BP	IEA
ABCC8	GO:0006813	potassium ion transport	MyGene.info GO BP	IEA
ABCC8	GO:0007565	female pregnancy	MyGene.info GO BP	IEA
ABCC8	GO:0007613	memory	MyGene.info GO BP	IEA
ABCC8	GO:0008542	visual learning	MyGene.info GO BP	IEA
ABCC8	GO:0009268	response to pH	MyGene.info GO BP	IEA
ABCC8	GO:0009410	response to xenobiotic stimulus	MyGene.info GO BP	IEA
ABCC8	GO:0010043	response to zinc ion	MyGene.info GO BP	IEA
ABCC8	GO:0010989	negative regulation of low-density lipoprotein particle clearance	MyGene.info GO BP	IEA
ABCC8	GO:0016525	negative regulation of angiogenesis	MyGene.info GO BP	IEA
ABCC8	GO:0032496	response to lipopolysaccharide	MyGene.info GO BP	IEA
ABCC8	GO:0032760	positive regulation of tumor necrosis factor production	MyGene.info GO BP	IEA
ABCC8	GO:0032868	response to insulin	MyGene.info GO BP	IEA
ABCC8	GO:0035774	positive regulation of insulin secretion involved in cellular response to glucose stimulus	MyGene.info GO BP	IEA
ABCC8	GO:0043268	positive regulation of potassium ion transport	MyGene.info GO BP	IEA
ABCC8	GO:0046676	negative regulation of insulin secretion	MyGene.info GO BP	IEA
ABCC8	GO:0050768	negative regulation of neurogenesis	MyGene.info GO BP	IEA
ABCC8	GO:0050796	regulation of insulin secretion	MyGene.info GO BP	IEA
ABCC8	GO:0055085	transmembrane transport	MyGene.info GO BP	IBA
ABCC8	GO:0060253	negative regulation of glial cell proliferation	MyGene.info GO BP	IEA
ABCC8	GO:0061855	negative regulation of neuroblast migration	MyGene.info GO BP	IEA
ABCC8	GO:0071805	potassium ion transmembrane transport	MyGene.info GO BP	NAS
ABCC8	GO:1900721	positive regulation of uterine smooth muscle relaxation	MyGene.info GO BP	IEA
ABCC8	GO:1905075	positive regulation of tight junction disassembly	MyGene.info GO BP	IEA
ABCC8	GO:1905604	negative regulation of blood-brain barrier permeability	MyGene.info GO BP	IEA
ABCC8	GO:1990573	potassium ion import across plasma membrane	MyGene.info GO BP	ISS
USH1C	GO:0000086	G2/M transition of mitotic cell cycle	MyGene.info GO BP	IMP
USH1C	GO:0002093	auditory receptor cell morphogenesis	MyGene.info GO BP	IBA
USH1C	GO:0007605	sensory perception of sound	MyGene.info GO BP	IBA
USH1C	GO:0030046	parallel actin filament bundle assembly	MyGene.info GO BP	ISS
USH1C	GO:0032532	regulation of microvillus length	MyGene.info GO BP	ISS
USH1C	GO:0042472	inner ear morphogenesis	MyGene.info GO BP	ISS
USH1C	GO:0042491	inner ear auditory receptor cell differentiation	MyGene.info GO BP	ISS
USH1C	GO:0045494	photoreceptor cell maintenance	MyGene.info GO BP	IMP
USH1C	GO:0046549	retinal cone cell development	MyGene.info GO BP	IBA
USH1C	GO:0050885	neuromuscular process controlling balance	MyGene.info GO BP	IEA
USH1C	GO:0050953	sensory perception of light stimulus	MyGene.info GO BP	IMP
USH1C	GO:0050957	equilibrioception	MyGene.info GO BP	IMP
USH1C	GO:0051017	actin filament bundle assembly	MyGene.info GO BP	ISS
USH1C	GO:0060122	inner ear receptor cell stereocilium organization	MyGene.info GO BP	IBA
USH1C	GO:0065003	protein-containing complex assembly	MyGene.info GO BP	IDA
USH1C	GO:1904106	protein localization to microvillus	MyGene.info GO BP	IEA
USH1C	GO:1904970	brush border assembly	MyGene.info GO BP	IDA
PAX6	GO:0000122	negative regulation of transcription by RNA polymerase II	MyGene.info GO BP	IEA
PAX6	GO:0001568	blood vessel development	MyGene.info GO BP	IMP
PAX6	GO:0001654	eye development	MyGene.info GO BP	TAS
PAX6	GO:0003309	type B pancreatic cell differentiation	MyGene.info GO BP	IBA
PAX6	GO:0003322	pancreatic A cell development	MyGene.info GO BP	IEA
PAX6	GO:0006338	chromatin remodeling	MyGene.info GO BP	IEA
PAX6	GO:0006355	regulation of DNA-templated transcription	MyGene.info GO BP	IEA
PAX6	GO:0006357	regulation of transcription by RNA polymerase II	MyGene.info GO BP	IBA
PAX6	GO:0007399	nervous system development	MyGene.info GO BP	IEA
PAX6	GO:0007417	central nervous system development	MyGene.info GO BP	IEA
PAX6	GO:0007420	brain development	MyGene.info GO BP	IBA
PAX6	GO:0007423	sensory organ development	MyGene.info GO BP	IBA
PAX6	GO:0007601	visual perception	MyGene.info GO BP	TAS
PAX6	GO:0009611	response to wounding	MyGene.info GO BP	IEP
PAX6	GO:0009653	anatomical structure morphogenesis	MyGene.info GO BP	IEA
PAX6	GO:0009887	animal organ morphogenesis	MyGene.info GO BP	TAS
PAX6	GO:0010628	positive regulation of gene expression	MyGene.info GO BP	IEA
PAX6	GO:0021517	ventral spinal cord development	MyGene.info GO BP	IEA
PAX6	GO:0021987	cerebral cortex development	MyGene.info GO BP	IEA
PAX6	GO:0030182	neuron differentiation	MyGene.info GO BP	IEA
PAX6	GO:0030900	forebrain development	MyGene.info GO BP	IBA
PAX6	GO:0042593	glucose homeostasis	MyGene.info GO BP	IMP
PAX6	GO:0043010	camera-type eye development	MyGene.info GO BP	IEA
PAX6	GO:0045893	positive regulation of DNA-templated transcription	MyGene.info GO BP	IDA
PAX6	GO:0045944	positive regulation of transcription by RNA polymerase II	MyGene.info GO BP	IEA
PAX6	GO:0048663	neuron fate commitment	MyGene.info GO BP	NAS
PAX6	GO:0050768	negative regulation of neurogenesis	MyGene.info GO BP	ISS
PAX6	GO:0050877	nervous system process	MyGene.info GO BP	IEA
PAX6	GO:0060041	retina development in camera-type eye	MyGene.info GO BP	IBA
PAX6	GO:0061072	iris morphogenesis	MyGene.info GO BP	IMP
PAX6	GO:0061303	cornea development in camera-type eye	MyGene.info GO BP	IMP
PAX6	GO:1902895	positive regulation of miRNA transcription	MyGene.info GO BP	IDA
MAPK8IP2	GO:0000165	MAPK cascade	MyGene.info GO BP	IDA
MAPK8IP2	GO:0001662	behavioral fear response	MyGene.info GO BP	IEA
MAPK8IP2	GO:0007172	signal complex assembly	MyGene.info GO BP	TAS
MAPK8IP2	GO:0007254	JNK cascade	MyGene.info GO BP	IBA
MAPK8IP2	GO:0007617	mating behavior	MyGene.info GO BP	IEA
MAPK8IP2	GO:0032874	positive regulation of stress-activated MAPK cascade	MyGene.info GO BP	IEA
MAPK8IP2	GO:0035176	social behavior	MyGene.info GO BP	IEA
MAPK8IP2	GO:0046328	regulation of JNK cascade	MyGene.info GO BP	IDA
MAPK8IP2	GO:0046958	nonassociative learning	MyGene.info GO BP	IEA
MAPK8IP2	GO:0048813	dendrite morphogenesis	MyGene.info GO BP	IEA
MAPK8IP2	GO:0051966	regulation of synaptic transmission, glutamatergic	MyGene.info GO BP	IEA
MAPK8IP2	GO:0098815	modulation of excitatory postsynaptic potential	MyGene.info GO BP	IEA
MAPK8IP2	GO:2001234	negative regulation of apoptotic signaling pathway	MyGene.info GO BP	IDA
HHATL	GO:0031399	regulation of protein modification process	MyGene.info GO BP	IBA
HHATL	GO:0060262	negative regulation of N-terminal protein palmitoylation	MyGene.info GO BP	ISS
SYT7	GO:0001778	plasma membrane repair	MyGene.info GO BP	IEA
SYT7	GO:0006906	vesicle fusion	MyGene.info GO BP	IBA
SYT7	GO:0006909	phagocytosis	MyGene.info GO BP	ISS
SYT7	GO:0016192	vesicle-mediated transport	MyGene.info GO BP	IBA
SYT7	GO:0017156	calcium-ion regulated exocytosis	MyGene.info GO BP	IEA
SYT7	GO:0017158	regulation of calcium ion-dependent exocytosis	MyGene.info GO BP	IBA
SYT7	GO:0030100	regulation of endocytosis	MyGene.info GO BP	IEA
SYT7	GO:0036465	synaptic vesicle recycling	MyGene.info GO BP	ISS
SYT7	GO:0045956	positive regulation of calcium ion-dependent exocytosis	MyGene.info GO BP	IEA
SYT7	GO:0046850	regulation of bone remodeling	MyGene.info GO BP	ISS
SYT7	GO:0048791	calcium ion-regulated exocytosis of neurotransmitter	MyGene.info GO BP	ISS
SYT7	GO:0050764	regulation of phagocytosis	MyGene.info GO BP	ISS
SYT7	GO:0050796	regulation of insulin secretion	MyGene.info GO BP	IEA
SYT7	GO:0051050	positive regulation of transport	MyGene.info GO BP	IEA
SYT7	GO:0070092	regulation of glucagon secretion	MyGene.info GO BP	ISS
SYT7	GO:0090119	vesicle-mediated cholesterol transport	MyGene.info GO BP	ISS
SYT7	GO:0090385	phagosome-lysosome fusion	MyGene.info GO BP	ISS
SYT7	GO:0099502	calcium-dependent activation of synaptic vesicle fusion	MyGene.info GO BP	IBA
SYT7	GO:1900242	regulation of synaptic vesicle endocytosis	MyGene.info GO BP	IEA
SYT7	GO:1990926	short-term synaptic potentiation	MyGene.info GO BP	ISS
SYT7	GO:1990927	calcium ion regulated lysosome exocytosis	MyGene.info GO BP	IEA
ANLN	GO:0000281	mitotic cytokinesis	MyGene.info GO BP	IBA
ANLN	GO:0000915	actomyosin contractile ring assembly	MyGene.info GO BP	IBA
ANLN	GO:0000921	septin ring assembly	MyGene.info GO BP	TAS
ANLN	GO:0007096	regulation of exit from mitosis	MyGene.info GO BP	TAS
ANLN	GO:0031106	septin ring organization	MyGene.info GO BP	IBA
ANLN	GO:0090521	podocyte cell migration	MyGene.info GO BP	IMP
ANLN	GO:1904172	positive regulation of bleb assembly	MyGene.info GO BP	IMP
PLEKHB1	GO:0007602	phototransduction	MyGene.info GO BP	NAS
PLEKHB1	GO:0045595	regulation of cell differentiation	MyGene.info GO BP	IBA
AGPAT4	GO:0006644	phospholipid metabolic process	MyGene.info GO BP	IEA
AGPAT4	GO:0006654	phosphatidic acid biosynthetic process	MyGene.info GO BP	TAS
AGPAT4	GO:0008654	phospholipid biosynthetic process	MyGene.info GO BP	NAS
AGPAT4	GO:0016024	CDP-diacylglycerol biosynthetic process	MyGene.info GO BP	IEA
RTN4R	GO:0007166	cell surface receptor signaling pathway	MyGene.info GO BP	ISS
RTN4R	GO:0010977	negative regulation of neuron projection development	MyGene.info GO BP	IEA
RTN4R	GO:0022038	corpus callosum development	MyGene.info GO BP	IEA
RTN4R	GO:0023041	neuronal signal transduction	MyGene.info GO BP	IEA
RTN4R	GO:0030517	negative regulation of axon extension	MyGene.info GO BP	IEA
RTN4R	GO:0035025	positive regulation of Rho protein signal transduction	MyGene.info GO BP	IBA
RTN4R	GO:0043547	positive regulation of GTPase activity	MyGene.info GO BP	ISS
RTN4R	GO:0048681	negative regulation of axon regeneration	MyGene.info GO BP	IEA
RTN4R	GO:0051963	regulation of synapse assembly	MyGene.info GO BP	IEA
RTN4R	GO:0150052	regulation of postsynapse assembly	MyGene.info GO BP	IEA
ADRB1	GO:0001996	positive regulation of heart rate by epinephrine-norepinephrine	MyGene.info GO BP	IDA
ADRB1	GO:0002025	norepinephrine-epinephrine-mediated vasodilation involved in regulation of systemic arterial blood pressure	MyGene.info GO BP	IBA
ADRB1	GO:0007186	G protein-coupled receptor signaling pathway	MyGene.info GO BP	IEA
ADRB1	GO:0007189	adenylate cyclase-activating G protein-coupled receptor signaling pathway	MyGene.info GO BP	IC
ADRB1	GO:0010666	positive regulation of cardiac muscle cell apoptotic process	MyGene.info GO BP	IEA
ADRB1	GO:0043410	positive regulation of MAPK cascade	MyGene.info GO BP	IBA
ADRB1	GO:0045187	regulation of circadian sleep/wake cycle, sleep	MyGene.info GO BP	IEA
ADRB1	GO:0045823	positive regulation of heart contraction	MyGene.info GO BP	IEA
ADRB1	GO:0071880	adenylate cyclase-activating adrenergic receptor signaling pathway	MyGene.info GO BP	IBA
ADRB1	GO:0120162	positive regulation of cold-induced thermogenesis	MyGene.info GO BP	IEA
CBLN4	GO:0099550	trans-synaptic signaling, modulating synaptic transmission	MyGene.info GO BP	IBA
CBLN4	GO:0099558	maintenance of synapse structure	MyGene.info GO BP	IBA
CBLN4	GO:1904862	inhibitory synapse assembly	MyGene.info GO BP	IEA
CDK14	GO:0000086	G2/M transition of mitotic cell cycle	MyGene.info GO BP	IBA
CDK14	GO:0060828	regulation of canonical Wnt signaling pathway	MyGene.info GO BP	IDA
CDK14	GO:1901987	regulation of cell cycle phase transition	MyGene.info GO BP	IBA
CAMK2B	GO:0006468	protein phosphorylation	MyGene.info GO BP	TAS
CAMK2B	GO:0007165	signal transduction	MyGene.info GO BP	TAS
CAMK2B	GO:0010976	positive regulation of neuron projection development	MyGene.info GO BP	ISS
CAMK2B	GO:0014733	regulation of skeletal muscle adaptation	MyGene.info GO BP	TAS
CAMK2B	GO:0046777	protein autophosphorylation	MyGene.info GO BP	IDA
CAMK2B	GO:0048168	regulation of neuronal synaptic plasticity	MyGene.info GO BP	IBA
CAMK2B	GO:0048169	regulation of long-term neuronal synaptic plasticity	MyGene.info GO BP	TAS
CAMK2B	GO:0051823	regulation of synapse structural plasticity	MyGene.info GO BP	TAS
CAMK2B	GO:0051924	regulation of calcium ion transport	MyGene.info GO BP	TAS
CAMK2B	GO:0060291	long-term synaptic potentiation	MyGene.info GO BP	IEA
CAMK2B	GO:0060998	regulation of dendritic spine development	MyGene.info GO BP	TAS
CAMK2B	GO:0061003	positive regulation of dendritic spine morphogenesis	MyGene.info GO BP	ISS
CAMK2B	GO:0090129	positive regulation of synapse maturation	MyGene.info GO BP	ISS
CAMK2B	GO:1903076	regulation of protein localization to plasma membrane	MyGene.info GO BP	IBA
CAMK2B	GO:2001222	regulation of neuron migration	MyGene.info GO BP	IMP
PRKCZ	GO:0006468	protein phosphorylation	MyGene.info GO BP	IDA
PRKCZ	GO:0007165	signal transduction	MyGene.info GO BP	TAS
PRKCZ	GO:0030010	establishment of cell polarity	MyGene.info GO BP	IBA
PRKCZ	GO:0031333	negative regulation of protein-containing complex assembly	MyGene.info GO BP	IMP
PRKCZ	GO:0032733	positive regulation of interleukin-10 production	MyGene.info GO BP	IEA
PRKCZ	GO:0032736	positive regulation of interleukin-13 production	MyGene.info GO BP	IEA
PRKCZ	GO:0032753	positive regulation of interleukin-4 production	MyGene.info GO BP	IEA
PRKCZ	GO:0032754	positive regulation of interleukin-5 production	MyGene.info GO BP	IEA
PRKCZ	GO:0032869	cellular response to insulin stimulus	MyGene.info GO BP	IBA
PRKCZ	GO:0035556	intracellular signal transduction	MyGene.info GO BP	IBA
PRKCZ	GO:0043066	negative regulation of apoptotic process	MyGene.info GO BP	IEA
PRKCZ	GO:0045630	positive regulation of T-helper 2 cell differentiation	MyGene.info GO BP	IEA
PRKCZ	GO:0046627	negative regulation of insulin receptor signaling pathway	MyGene.info GO BP	IMP
PRKCZ	GO:0046628	positive regulation of insulin receptor signaling pathway	MyGene.info GO BP	ISS
PRKCZ	GO:0060291	long-term synaptic potentiation	MyGene.info GO BP	ISS
PRKCZ	GO:0070374	positive regulation of ERK1 and ERK2 cascade	MyGene.info GO BP	IMP
PRKCZ	GO:0072659	protein localization to plasma membrane	MyGene.info GO BP	IBA
PRKCZ	GO:2000463	positive regulation of excitatory postsynaptic potential	MyGene.info GO BP	ISS
PRKCZ	GO:2000553	positive regulation of T-helper 2 cell cytokine production	MyGene.info GO BP	IEA
CAMK2A	GO:0000082	G1/S transition of mitotic cell cycle	MyGene.info GO BP	ISS
CAMK2A	GO:0002931	response to ischemia	MyGene.info GO BP	ISS
CAMK2A	GO:0006816	calcium ion transport	MyGene.info GO BP	ISS
CAMK2A	GO:0010666	positive regulation of cardiac muscle cell apoptotic process	MyGene.info GO BP	ISS
CAMK2A	GO:0035458	cellular response to interferon-beta	MyGene.info GO BP	IDA
CAMK2A	GO:0038166	angiotensin-activated signaling pathway	MyGene.info GO BP	IDA
CAMK2A	GO:0043123	positive regulation of canonical NF-kappaB signal transduction	MyGene.info GO BP	IMP
CAMK2A	GO:0046427	positive regulation of receptor signaling pathway via JAK-STAT	MyGene.info GO BP	IDA
CAMK2A	GO:0046928	regulation of neurotransmitter secretion	MyGene.info GO BP	ISS
CAMK2A	GO:0048168	regulation of neuronal synaptic plasticity	MyGene.info GO BP	IBA
CAMK2A	GO:0051928	positive regulation of calcium ion transport	MyGene.info GO BP	ISS
CAMK2A	GO:0060291	long-term synaptic potentiation	MyGene.info GO BP	IEA
CAMK2A	GO:0060996	dendritic spine development	MyGene.info GO BP	IMP
CAMK2A	GO:0071346	cellular response to type II interferon	MyGene.info GO BP	IDA
CAMK2A	GO:0099148	regulation of synaptic vesicle docking	MyGene.info GO BP	IEA
CAMK2A	GO:0110076	negative regulation of ferroptosis	MyGene.info GO BP	IDA
CAMK2A	GO:1902108	regulation of mitochondrial membrane permeability involved in apoptotic process	MyGene.info GO BP	ISS
CAMK2A	GO:1903076	regulation of protein localization to plasma membrane	MyGene.info GO BP	IBA
CAMK2A	GO:2000124	regulation of endocannabinoid signaling pathway	MyGene.info GO BP	IEA
CAMK2A	GO:2001222	regulation of neuron migration	MyGene.info GO BP	IMP
