exemplar_kind	regulation_id	cell_line	mark_name	peak_chr	peak_start	peak_end	target_chromosome	target_start	target_end
active_like	804941	H1-hESC	H3K27ac	chr19	51002219	51002430	chr19	50989288	51008649
active_like	804941	H1-hESC	H3K27ac	chr19	51001812	51002012	chr19	50989288	51008649
active_like	804941	H1-hESC	H3K4me1	chr19	51001477	51001756	chr19	50989288	51008649
active_like	804941	H1-hESC	H3K4me1	chr19	51001804	51002529	chr19	50989288	51008649
active_like	804941	H1-hESC	H3K4me3	chr19	51002058	51002634	chr19	50989288	51008649
bivalent_like	804946	K562	H3K27ac	chr21	34696118	34698750	chr21	34693241	34726658
bivalent_like	804946	K562	H3K27me3	chr21	34673896	34708182	chr21	34693241	34726658
bivalent_like	804946	K562	H3K36me3	chr21	34690214	34742712	chr21	34693241	34726658
bivalent_like	804946	K562	H3K4me1	chr21	34560601	34793098	chr21	34693241	34726658
bivalent_like	804946	K562	H3K4me2	chr21	34695536	34701720	chr21	34693241	34726658
bivalent_like	804946	K562	H3K4me3	chr21	34684556	34709755	chr21	34693241	34726658
bivalent_like	804946	K562	H3K9ac	chr21	34695866	34702177	chr21	34693241	34726658
bivalent_like	804946	K562	H3K9ac	chr21	34696140	34698685	chr21	34693241	34726658
bivalent_like	804946	K562	H3K9ac	chr21	34562761	34788923	chr21	34693241	34726658
bivalent_like	804946	K562	H3K9me3	chr21	34672363	34711604	chr21	34693241	34726658
